1.829880007,0.016085035,0.003040417,0.004652976,0.001553158,0.000969031,-0.000207325,0.000426299,1.856487421
1.829777418,0.015211433,0.001578684,0.000343732,-0.00048144,-0.001400827,0.000686455,-0.000368207,1.84632725
1.82961208,0.013568331,-0.000665594,-0.004071526,-0.001882329,-2.38E-05,-0.000791806,0.000410041,1.835349194
1.82947437,0.011355811,-0.002620838,-0.004357183,-0.000561099,0.001401922,0.000511091,-0.000575057,1.835262528
1.829320827,0.008626819,-0.003541782,-0.000713409,0.00150885,-0.001169404,-0.000205426,0.000770011,1.834645508
1.829051591,0.005385856,-0.003142551,0.003010885,0.001342626,-0.000575836,7.53E-05,-0.000913366,1.83566166
1.828638808,0.001771462,-0.001429435,0.003699924,-0.000490898,0.002169306,0.000267483,0.001196151,1.835146143
1.828221466,-0.001837376,0.001407245,0.001693314,-0.001196206,-0.000716637,-0.00058304,-0.001492929,1.825756791
1.82783969,-0.005180822,0.004531308,-0.001037517,-0.000587302,-0.002543287,0.000499482,0.001642214,1.824773853
1.827434262,-0.008147896,0.006667707,-0.002903587,0.000275836,0.002403458,-0.000122293,-0.001639397,1.824613268
1.826993047,-0.01060476,0.006783643,-0.003001635,0.001235043,0.001822232,-0.000285993,0.001470384,1.824619553
1.826443999,-0.012509378,0.004395124,-0.001210329,0.00100543,-0.003979591,0.000575372,-0.001021007,1.814201936
1.825879821,-0.013653139,0.000125726,0.002020739,-0.000917268,0.000470464,-0.00034819,0.000395132,1.813752158
1.825268475,-0.014015262,-0.004860741,0.004476199,-0.002282586,0.004196036,-0.000384676,0.000351249,1.813440491
1.824622849,-0.013574815,-0.00897035,0.003694841,6.01E-05,-0.003095383,0.001238532,-0.0011093,1.802598004
1.823914636,-0.012405406,-0.010779117,-0.000675674,0.003255606,-0.002759362,-0.001549211,0.001822034,1.8021069
1.823078145,-0.010655933,-0.009477198,-0.005488803,0.001365924,0.005185402,0.001004494,-0.002312393,1.802579501
1.822172393,-0.008335369,-0.004911237,-0.005826691,-0.003267012,0.000287638,0.000648503,0.002721358,1.803068314
1.82140484,-0.005310369,0.002199584,-0.000119753,-0.002658796,-0.005933091,-0.00262696,-0.003110601,1.802777625
1.820694513,-0.001866675,0.009606417,0.0062778,0.002024216,0.002166316,0.002990216,0.003110269,1.847025995
1.819748327,0.001414748,0.014383714,0.006352886,0.002972849,0.00534806,-0.001130302,-0.002601021,1.847417311
1.818528748,0.004300595,0.014783649,8.31E-05,2.24E-05,-0.003856101,-0.001350027,0.002006148,1.836177421
1.817111243,0.006774741,0.010703387,-0.005646967,-0.001623444,-0.003706725,0.003361389,-0.001074287,1.825780748
1.815605404,0.008918311,0.003535525,-0.004710599,-0.000910087,0.005459312,-0.003404497,1.59E-05,1.825113644
1.814071305,0.010772556,-0.004486414,0.001484639,-4.44E-05,0.001539091,0.001249155,0.001081671,1.825581504
1.812464071,0.012260484,-0.01107253,0.005660756,0.000851841,-0.00645539,0.00194789,-0.002102755,1.814031128
1.810855826,0.013448322,-0.014227313,0.003201271,0.001884778,0.001455759,-0.004135712,0.003026268,1.814769194
1.809266724,0.014335019,-0.01309921,-0.003172438,2.65E-06,0.006035693,0.003714767,-0.003875001,1.813969389
1.807639639,0.014813676,-0.008264391,-0.006426643,-0.003626926,-0.004667671,-0.000854917,0.00456649,1.802765665
1.805997724,0.014868807,-0.001254334,-0.002492485,-0.001676132,-0.003815245,-0.002665703,-0.004990675,1.80407704
1.80436685,0.014468983,0.005769454,0.004762685,0.004586196,0.006709082,0.004461757,0.004940594,1.851802552
1.802381134,0.013133209,0.010200297,0.006886253,0.003470995,0.000126115,-0.003401918,-0.004255688,1.830703846
1.800086883,0.010949403,0.01111627,0.001860605,-0.003752779,-0.005541378,0.001137789,0.003539552,1.819904109
1.797573725,0.008159993,0.008999814,-0.004443725,-0.004294695,0.003090202,0.001266929,-0.0026388,1.809307964
1.794877521,0.005007738,0.005197079,-0.005196278,0.003087879,0.002961319,-0.002402186,0.001863069,1.804609905
1.792148249,0.001893404,0.001502568,0.000212111,0.005399244,-0.003995504,0.002173359,-0.001255103,1.799377065
1.789285513,-0.001084098,-0.001069266,0.005023875,-0.002407353,-0.000586177,-0.001383003,0.000828043,1.788443234
1.786317573,-0.003687805,-0.002039883,0.003618311,-0.006280938,0.003733815,0.001032913,-0.000435707,1.782923048
1.783294345,-0.005679959,-0.00167782,-0.002326014,0.001548415,-0.001137396,-0.001125909,5.93E-05,1.773033716
1.780133328,-0.007027994,-0.001018367,-0.006020715,0.006968792,-0.002858246,0.000868411,0.000335568,1.773037755
1.776767352,-0.007720687,-0.001080224,-0.002718962,-0.000234259,0.002476505,0.000731931,-0.000563855,1.767872111
1.773245738,-0.007637721,-0.00217795,0.004907198,-0.006947068,0.001949219,-0.002975243,0.000856004,1.76231507
1.769584058,-0.006744062,-0.003979768,0.008593515,-0.000856857,-0.003327443,0.004590611,-0.001161263,1.767617292
1.765695308,-0.005163493,-0.005676501,0.003221977,0.007015739,-0.000424014,-0.003805594,0.001748677,1.76266836
1.761834832,-0.002659839,-0.00570505,-0.006208099,0.002809917,0.004268855,0.000704733,-0.002465455,1.751730487
1.758012216,0.000634532,-0.003356059,-0.010345447,-0.006940994,-0.002381538,0.003035724,0.003056264,1.741849605
1.754252021,0.004502385,0.001120159,-0.004523791,-0.0052086,-0.003724201,-0.005592263,-0.003541622,1.736091351
1.750511656,0.00855236,0.006343883,0.005949457,0.005592914,0.004826162,0.005071184,0.003581796,1.793624015
1.746347623,0.01189748,0.009884946,0.010378983,0.006650905,0.001105971,-0.001555799,-0.002965655,1.783189022
1.741789026,0.014300631,0.010586754,0.005332887,-0.002514488,-0.004462912,-0.001923199,0.002385602,1.767364208
1.736963569,0.01577436,0.008483572,-0.003243673,-0.00592771,0.001886643,0.003944385,-0.001599658,1.757017785
1.731897356,0.016308852,0.004359613,-0.007264004,0.000372484,0.00265426,-0.00348235,0.000928846,1.746870618
1.726706593,0.016073452,-0.000315666,-0.003964399,0.004961361,-0.002870781,0.001567904,-0.000254825,1.741717251
1.721428518,0.015190447,-0.004161695,0.002062295,0.001293542,-0.00045105,0.000398634,-0.000343049,1.736422506
1.71605707,0.013756666,-0.006276898,0.004551378,-0.00345153,0.002316166,-0.001305073,0.000889776,1.726321724
1.710617661,0.011928692,-0.006330355,0.002157156,-0.002092419,-0.000778034,0.001224493,-0.001266562,1.715806539
1.705183485,0.009921715,-0.004589343,-0.00124119,0.001851143,-0.001020594,-0.000821237,0.001429714,1.710533351
1.699678051,0.007760025,-0.002053329,-0.002036404,0.001932512,0.000557587,0.000624375,-0.001411335,1.7060145
1.694094058,0.005538929,0.000282256,-0.00027084,-0.000323235,0.000466723,-0.000597708,0.001340994,1.700311027
1.688424784,0.003350991,0.001714599,0.001106701,-0.00095775,0.000285801,0.000539536,-0.001193627,1.69457986
1.682654949,0.001280975,0.0020543,0.000254182,-0.000447379,-0.000777489,0.000150791,0.001174726,1.684902909
1.677000285,-0.000332892,0.001907182,-0.001056907,7.79E-05,-0.000464302,-0.001264199,-0.001305611,1.674474159
1.671444015,-0.001490347,0.001596488,-0.000943667,0.000207786,0.0009925,0.001658809,0.001296201,1.674569248
1.665827559,-0.002419699,0.001121244,0.000338357,0.000201352,7.02E-05,-0.00101527,-0.001160246,1.663716376
1.660172412,-0.003148402,0.000717062,0.001483123,0.000480033,-0.00079927,-0.000151484,0.001026384,1.659013869
1.654531823,-0.00366568,0.00057309,0.001252376,-2.49E-06,0.000212668,0.001180115,-0.000926152,1.653854057
1.64888551,-0.004053899,0.00058692,-0.000433814,-0.001209706,0.000449774,-0.001573278,0.000859041,1.642653782
1.643281297,-0.004321867,0.000610447,-0.001955372,-0.000520857,-0.000122909,0.001184201,-0.000834017,1.637857843
1.637700749,-0.004560667,0.000344443,-0.001753733,0.001606941,-0.000486097,-0.000359963,0.000786526,1.632735041
1.632133349,-0.004850021,-0.000396421,0.000210105,0.001270589,8.29E-05,-0.00045861,-0.00068514,1.627752892
1.626607961,-0.005211467,-0.00150679,0.002287861,-0.001648933,0.000789758,0.000974505,0.000517991,1.622125486
1.62113029,-0.005681998,-0.002686435,0.002394558,-0.002179669,-0.000469084,-0.001124167,-0.000305737,1.61132566
1.615735028,-0.006255399,-0.003465426,0.000138173,0.001308348,-0.000948753,0.000902542,1.08E-05,1.60656314
1.610408452,-0.00697696,-0.003495411,-0.002698587,0.002872603,0.000989888,-0.000570645,0.000259463,1.601514223
1.605080126,-0.00794344,-0.002681943,-0.003508446,-0.000855477,0.000651684,0.000107846,-0.000510308,1.590369231
1.599663236,-0.009224143,-0.001118599,-0.001068415,-0.003450121,-0.001402653,0.000622496,0.000836713,1.585788997
1.594242246,-0.010611458,0.001226065,0.003307144,0.000706828,0.000467108,-0.001021327,-0.000991242,1.584943071
1.589065894,-0.011678962,0.004261042,0.005833404,0.004364193,0.001106358,0.000696662,0.000718222,1.595526389
1.583884395,-0.012598085,0.006695834,0.002366359,-0.001109201,-0.002318126,-0.000428127,-0.00021772,1.574730175
1.578854326,-0.013068874,0.007763611,-0.004633765,-0.005380367,0.001236806,0.000834552,-0.000350233,1.564901995
1.574005373,-0.012960382,0.006734738,-0.008472741,0.000711427,0.001892826,-0.002021757,0.000592,1.559765947
1.569215179,-0.012370028,0.003147788,-0.004759885,0.006026198,-0.004081594,0.002529552,-0.000522041,1.559481567
1.564487991,-0.011273751,-0.00242046,0.004319714,6.72E-05,0.001210427,-0.001094378,9.60E-05,1.554689354
1.559806394,-0.009691647,-0.00857424,0.010689575,-0.0067137,0.004669471,-0.002250732,0.000665565,1.548874108
1.555192712,-0.007619076,-0.013365889,0.007635431,-0.00116813,-0.005374318,0.005763205,-0.001739922,1.538236599
1.55069736,-0.005044319,-0.014921916,-0.003244076,0.00728944,-0.002034391,-0.006959342,0.003017029,1.527914258
1.54645012,-0.001914862,-0.012103427,-0.012433352,0.002522276,0.008067862,0.003933632,-0.004621636,1.528525263
1.542361099,0.001492016,-0.005468362,-0.011372557,-0.008405858,-0.003819515,0.001998343,0.00612891,1.522647325
1.538458687,0.004980904,0.003292029,0.000101388,-0.004862133,-0.0070133,-0.007949152,-0.007493551,1.517485994
1.534694983,0.008207287,0.011474028,0.012131993,0.008219712,0.008982158,0.00975018,0.008113566,1.605818899
1.530442814,0.010182689,0.015690982,0.012911664,0.006674684,0.001717297,-0.005754369,-0.007554078,1.563849145
1.526074988,0.011241936,0.015443631,0.003090603,-0.005473997,-0.008955289,-0.000676661,0.006485405,1.548091525
1.521678983,0.011514593,0.011304482,-0.008153163,-0.007319079,0.003342593,0.005714313,-0.005107819,1.532375563
1.517270702,0.011092952,0.004720515,-0.011806535,0.002631201,0.005939301,-0.006894212,0.003600475,1.526952827
1.512900836,0.010153723,-0.00230858,-0.005861507,0.007041766,-0.005960865,0.004283147,-0.002118445,1.516957302
1.508622724,0.008894739,-0.007915854,0.003976407,-0.000229244,-0.002012138,-0.000167428,0.000695834,1.511897596
1.504433743,0.007442302,-0.010970623,0.009612842,-0.00627074,0.00571535,-0.00306306,0.000409436,1.506563896
1.500279678,0.005847885,-0.011268924,0.007120463,-0.002023091,-0.001267189,0.003705358,-0.001189409,1.501545353
1.496152628,0.004206815,-0.009257831,-0.000624707,0.004710128,-0.003661232,-0.002022313,0.001566218,1.490844405
1.491985334,0.002542586,-0.005874723,-0.007206808,0.00353504,0.002561958,-0.000327334,-0.001496581,1.485868385
1.48789382,0.001088793,-0.001851752,-0.00750045,-0.002345799,0.001625304,0.001744805,0.001075787,1.480413678
1.483914962,-4.99E-05,0.00202021,-0.002021868,-0.004265428,-0.00260165,-0.001720714,-0.000569925,1.475209587
1.480000164,-0.000918035,0.004993945,0.004229559,-0.000530243,-0.000391319,0.000488592,3.12E-05,1.485903599
1.476270643,-0.00141987,0.006796529,0.006628397,0.003730481,0.001942638,0.000696159,0.000242912,1.49609183
1.472465884,-0.001956047,0.006828657,0.003300725,0.002349823,-0.000719621,-0.001352163,-0.000351161,1.480800595
1.468483884,-0.002730666,0.005185486,-0.002435784,-0.002219145,-0.000407645,0.001524619,0.000498963,1.469754327
1.46430801,-0.003764602,0.002653237,-0.005151509,-0.002894993,0.001013923,-0.000712821,-0.000358777,1.453901227
1.460193237,-0.00469523,0.000599895,-0.002294435,0.001294594,-0.000613796,-0.000373171,4.11E-05,1.454146207
1.456172572,-0.005418129,-0.000376093,0.002372844,0.002745491,-0.000831015,0.000671228,0.000182745,1.455023752
1.452148051,-0.006007633,-0.000550727,0.003328304,-0.000982043,0.001171599,-0.000236399,-0.00032921,1.449042164
1.448138877,-0.006402465,-0.000454663,6.22E-05,-0.00248402,0.000385308,-0.000250053,0.000413883,1.438670937
1.444162375,-0.006546158,-0.000723197,-0.002949349,0.000882192,-0.001604316,0.000115088,-0.000459536,1.433445432
1.440195475,-0.00644318,-0.001823482,-0.0018349,0.002253571,0.000336602,0.000655478,0.000439167,1.43339589
1.436218836,-0.006101913,-0.003699667,0.002187361,-0.000920501,0.001788283,-0.001400684,-0.000301263,1.428064873
1.432294675,-0.005443172,-0.005612891,0.004244249,-0.002024561,-0.001221078,0.001424207,7.10E-05,1.422920318
1.428437913,-0.00446097,-0.006597188,0.001166459,0.001076489,-0.001615312,-0.000456259,0.000184582,1.417429033
1.424746729,-0.003084455,-0.005705473,-0.004280567,0.002013906,0.002248011,-0.001239121,-0.000523839,1.412409229
1.421257365,-0.001370975,-0.002706317,-0.006245256,-0.001734191,0.000315655,0.002298616,0.000630391,1.412578793
1.417868514,0.000404272,0.00160487,-0.002138461,-0.003097827,-0.003174884,-0.002288173,-0.000667124,1.407598373
1.414515781,0.001983846,0.005893753,0.004595945,0.001707958,0.001651425,0.000944048,0.000523389,1.433392049
1.411008633,0.002990607,0.008568743,0.007303265,0.004225062,0.002758527,0.001155598,-0.000124544,1.438255018
1.407345637,0.003353772,0.008854561,0.003382171,-0.000574318,-0.003040726,-0.002341459,-0.000181219,1.417354717
1.403677747,0.003272834,0.006974526,-0.003252684,-0.004437825,-0.001011979,0.002162008,0.000479755,1.406981664
1.400063319,0.002882858,0.003577444,-0.006658787,-0.000699452,0.003392648,-0.000944616,-0.000819468,1.401203778
1.396483913,0.002243591,-0.000507713,-0.004275759,0.004069188,-0.001025356,-0.000678776,0.001111622,1.396700823
1.39294478,0.001457425,-0.004319401,0.001451248,0.001806995,-0.002563654,0.001853098,-0.001329588,1.391284789
1.389501728,0.000691033,-0.006954724,0.005588465,-0.003401582,0.002409886,-0.002077399,0.00137465,1.386228768
1.386136553,1.31E-05,-0.007963471,0.004710863,-0.002924705,0.000737375,0.00110873,-0.00133249,1.380436676
1.382876601,-0.000476841,-0.007248711,-0.000153363,0.002276215,-0.00264758,0.000427384,0.001119806,1.375236415
1.379702862,-0.000758992,-0.005160479,-0.004794878,0.003444963,0.000886324,-0.001838747,-0.000844146,1.370512802
1.376652903,-0.000779447,-0.00222986,-0.005306425,-0.001121966,0.001747223,0.002259885,0.000439898,1.370508557
1.373724715,-0.00056782,0.000828455,-0.001490408,-0.003838705,-0.002049174,-0.001634469,-7.59E-05,1.364735511
1.370926446,-0.00018518,0.003333335,0.003244873,-0.000398717,-0.000386173,6.46E-05,-0.000354331,1.375392017
1.36818436,0.000176885,0.004664752,0.004798882,0.003352866,0.001948738,0.001454834,0.00068045,1.386111515
1.365403668,0.000297352,0.004542772,0.002097249,0.00157359,-0.00086566,-0.002129983,-0.000845279,1.369850004
1.36255144,6.14E-05,0.003256361,-0.001993809,-0.00228006,-0.000852828,0.001819484,0.000918685,1.364782795
1.359579014,-0.000602431,0.001457333,-0.003686787,-0.002067032,0.001409695,-0.000556118,-0.000744197,1.354322047
1.356595531,-0.00150921,0.000149776,-0.001495947,0.001614571,-6.61E-05,-0.000677347,0.00050285,1.354641702
1.353755525,-0.002390221,3.91E-05,0.002091072,0.002410703,-0.001317834,0.001100889,-0.000377657,1.354703921
1.350952483,-0.003290009,0.00076345,0.002731864,-0.001483609,0.000315853,-0.001065982,0.000233108,1.349314998
1.348211009,-0.004103864,0.00164303,-0.000155101,-0.00283102,0.001330102,0.000989769,-7.13E-05,1.344189194
1.34552608,-0.004761354,0.001809492,-0.003024425,0.001138287,-0.000790411,-0.001145776,-0.000190927,1.338991379
1.342866387,-0.005233249,0.000605746,-0.002317446,0.003143117,-0.001385482,0.001150575,0.000518483,1.338914523
1.340212419,-0.005477657,-0.001979617,0.001544859,-0.000647235,0.001647637,-0.000424363,-0.000850571,1.334006676
1.337654012,-0.005333109,-0.005092719,0.004466906,-0.003235111,0.001058646,-0.001080271,0.001154135,1.328644431
1.335190362,-0.004769669,-0.007581699,0.002604092,-3.23E-05,-0.002866461,0.002549121,-0.001512183,1.323170899
1.332912577,-0.00369028,-0.008179344,-0.00280884,0.003159824,0.000215409,-0.003076791,0.001825793,1.318169159
1.330916165,-0.002057512,-0.006180284,-0.0064051,0.000327721,0.003135696,0.001590019,-0.002387462,1.318466444
1.329117273,-0.000127179,-0.002080393,-0.004399325,-0.003948968,-0.002746344,0.000903152,0.002844036,1.31829304
1.327465706,0.001828113,0.002869233,0.001877052,-0.001443237,-0.002006773,-0.003290136,-0.003296482,1.323872422
1.325895004,0.003488365,0.006997463,0.006700405,0.004057512,0.004448316,0.003877064,0.003477191,1.360121677
1.324090115,0.00427963,0.00855699,0.00509084,0.002404354,-0.000672312,-0.002102262,-0.003188151,1.339530687
1.322168352,0.004245551,0.007409294,-0.000783837,-0.002866836,-0.003495581,-0.000344102,0.002822113,1.329028657
1.32019093,0.003484251,0.004340371,-0.004962228,-0.002494289,0.002983327,0.002175815,-0.002324595,1.323674127
1.318264414,0.00222543,0.000759023,-0.003778611,0.002049257,0.001266725,-0.002452822,0.00180425,1.318633897
1.31651814,0.000768951,-0.001929608,0.000754744,0.002310384,-0.003751365,0.00121135,-0.001431068,1.313475132
1.315038261,-0.000647978,-0.003016704,0.003331858,-0.001927668,0.000898102,7.03E-05,0.000936435,1.313202063
1.313743787,-0.002024047,-0.002882866,0.001043413,-0.00296978,0.002455234,-0.000962346,-0.000643551,1.307795995
1.312567196,-0.003370589,-0.002427586,-0.003059432,0.00125117,-0.002297519,0.000965555,0.000464768,1.303032919
1.311491213,-0.004648466,-0.002482181,-0.003465332,0.003394218,-0.000510851,-0.000438589,-0.000488082,1.303357356
1.310454095,-0.005870798,-0.003489794,0.001013429,-0.00056258,0.002072333,-0.000116462,0.000669167,1.303410044
1.309486484,-0.006931729,-0.005041958,0.005663689,-0.00350931,-0.000852574,0.000380502,-0.000916166,1.297887081
1.308687983,-0.007648386,-0.006084211,0.004672916,-8.52E-05,-0.000948383,-0.000339991,0.001073473,1.298073506
1.308066858,-0.007970047,-0.005629608,-0.002404946,0.00323471,0.000878475,-0.000114128,-0.001233306,1.293463614
1.307775403,-0.007728835,-0.002964914,-0.008756009,0.000419646,-0.000196601,0.000353746,0.001102022,1.288003393
1.307770067,-0.007061538,0.001416943,-0.007509771,-0.003863297,-0.000809251,-0.000811634,-0.001079987,1.287452522
1.307960709,-0.006233683,0.006068421,0.001135391,-0.001836251,0.00047892,0.00074144,0.000860807,1.309015364
1.308112453,-0.005695931,0.009025823,0.009293019,0.003500632,0.000138066,-0.000222554,-0.000528467,1.325079329
