1.84050113,0.010749143,0.004969896,0.00064886,1.856487421
1.839506291,0.007131984,-0.000998733,0.000121483,1.84632725
1.838146914,0.002511337,-0.004207717,-0.000906033,1.835349194
1.836614804,-0.000858113,-0.002064682,0.001036301,1.835262528
1.835008322,-0.001842377,0.001855572,-0.000258266,1.834645508
1.833146477,-0.000980196,0.003652029,-0.000880171,1.83566166
1.830979045,0.00051346,0.001594825,0.001809499,1.835146143
1.828164443,0.001071663,-0.002966039,-0.000927235,1.825756791
1.825429687,0.00137648,-0.002242382,0.000200024,1.824773853
1.823014426,0.001564823,0.001733447,-0.001157301,1.824613268
1.821058253,0.001283062,0.001266012,0.00201524,1.824619553
1.819399967,-0.000280754,-0.002362266,-0.00177863,1.814201936
1.818623875,-0.002631821,-0.000953694,-0.000954436,1.813752158
1.818019357,-0.006992248,9.26E-05,0.002462369,1.813440491
1.817153298,-0.012977128,-0.000436692,-0.000265975,1.802598004
1.816687027,-0.017046927,0.003559505,-0.003093277,1.8021069
1.816704567,-0.016572604,0.002625768,0.00256842,1.802579501
1.817245076,-0.010529977,-0.00759776,0.001659664,1.803068314
1.81829524,-7.09E-05,-0.008325911,-0.006964913,1.802777625
1.820140085,0.011856066,0.007639405,0.007064948,1.847025995
1.821204982,0.018642216,0.011043688,-0.002185001,1.847417311
1.821424746,0.018099527,-0.003247534,-0.001308163,1.836177421
1.821583377,0.012545682,-0.008746499,0.002736972,1.825780748
1.822210229,0.005311444,-8.93E-05,-0.003866897,1.825113644
1.822534514,-0.002470941,0.002396862,0.003798775,1.825581504
1.822179678,-0.009182526,0.000979132,-0.000371284,1.814031128
1.82171923,-0.012081497,0.00647788,-0.004112385,1.814769194
1.820235527,-0.011536474,0.001859578,0.005981005,1.813969389
1.818442442,-0.006334726,-0.010762677,-0.000528509,1.802765665
1.816611571,0.002735396,-0.006493746,-0.00869476,1.80407704
1.815190213,0.012957868,0.012246599,0.012618224,1.851802552
1.812020531,0.017260887,0.009014422,-0.007022696,1.830703846
1.808295579,0.016070239,-0.006333284,-0.000174601,1.819904109
1.804121445,0.010801998,-0.007864804,0.003844996,1.809307964
1.799990098,0.004403374,0.002175524,-0.002628315,1.804609905
1.795696962,-0.001277709,0.004316656,-0.000375754,1.799377065
1.791786809,-0.00432496,0.000368826,0.001080483,1.788443234
1.787593489,-0.005956728,-0.001676209,0.000757967,1.782923048
1.783105309,-0.006815326,-0.000171991,-0.002047202,1.773033716
1.779091723,-0.006189876,0.001001852,0.001427589,1.773037755
1.775983638,-0.004481661,-0.002040112,-0.000752122,1.767872111
1.773135834,-0.004315338,-0.005062775,-0.001592104,1.76231507
1.769999425,-0.007190463,0.001641337,0.005016046,1.767617292
1.766804372,-0.011303629,0.010970726,-0.005976273,1.76266836
1.763565619,-0.013639224,0.002282007,0.002407619,1.751730487
1.760890482,-0.010531417,-0.014901572,0.004598112,1.741849605
1.758972685,-0.00118943,-0.010200329,-0.012060315,1.736091351
1.757857253,0.011425712,0.012546567,0.011596606,1.793624015
1.755314141,0.019209323,0.013446904,-0.00276451,1.783189022
1.751710577,0.020022553,-0.003543788,-0.004464119,1.767364208
1.747292967,0.014962558,-0.009564002,0.006695128,1.757017785
1.742550571,0.00756176,-0.001335426,-0.003200862,1.746870618
1.737588527,0.001132676,0.003973695,-0.001357734,1.741717251
1.732738705,-0.001997815,0.00336672,0.002516988,1.736422506
1.727377223,-0.002872913,0.000773982,-0.000299323,1.726321724
1.72105782,-0.003113252,-0.001880392,-0.001071388,1.715806539
1.714391064,-0.002507598,-0.001485926,0.001421434,1.710533351
1.707491188,-0.001502334,0.000542177,-0.000323977,1.7060145
1.700543775,-0.000496822,0.00186892,-0.001074253,1.700311027
1.693420063,-0.000181874,0.00062571,0.001376352,1.69457986
1.686284928,-0.000402412,-0.001283187,0.000199792,1.684902909
1.679169405,-0.000812677,-0.001477505,-0.002558871,1.674474159
1.672395583,-0.000675561,0.000337261,0.003381557,1.674569248
1.665565021,-0.000615362,0.000491942,-0.002266738,1.663716376
1.658861527,-0.000455316,0.000556538,3.71E-05,1.659013869
1.652121361,-0.000466112,0.000490757,0.001695839,1.653854057
1.645450374,-0.000436543,-0.000654964,-0.001901018,1.642653782
1.638833059,-0.000269646,-0.001604954,0.000805846,1.637857843
1.632509819,0.000356989,0.000260198,0.000345786,1.632735041
1.626343769,0.000885658,0.001562046,-0.001428848,1.627752892
1.620268008,0.000739733,-0.000322232,0.001682135,1.622125486
1.614007641,-0.000619902,-0.001899775,-0.000907442,1.61132566
1.607688513,-0.002418553,0.001255733,0.000382691,1.60656314
1.601566806,-0.003311394,0.003291346,-0.000562533,1.601514223
1.595635806,-0.002676457,-0.002148835,0.000346737,1.590369231
1.590018763,-0.000470866,-0.005792503,0.000598799,1.585788997
1.584599663,0.002217992,0.001002935,-0.002582482,1.584943071
1.579270969,0.00391734,0.007448855,0.003614949,1.595526389
1.573519695,0.003188361,0.000931206,-0.00170351,1.574730175
1.568360024,0.001913113,-0.005876345,-0.001267425,1.564901995
1.5637831,0.000558535,-0.003880084,0.001355771,1.559765947
1.560099642,-0.000559444,0.00167978,0.000447552,1.559481567
1.557379322,-0.002188681,0.002430637,-0.003969299,1.554689354
1.55462831,-0.006866937,-0.002006595,0.003571393,1.548874108
1.550772985,-0.015093348,-0.000548801,0.00418135,1.538236599
1.54726328,-0.020787433,0.008915375,-0.011537294,1.527914258
1.544088133,-0.019836671,0.001058656,0.009005765,1.528525263
1.541884489,-0.009897306,-0.017124453,0.003555868,1.522647325
1.540204413,0.006012284,-0.009003273,-0.019455784,1.517485994
1.539596398,0.022604757,0.020163472,0.023580974,1.605818899
1.536262984,0.027912487,0.013435212,-0.011118011,1.563849145
1.532124226,0.02337218,-0.010577684,-0.002685932,1.548091525
1.527412124,0.012788156,-0.011522866,0.008701078,1.532375563
1.523238251,0.002581651,0.003744951,-0.006031482,1.526952827
1.518864899,-0.004602721,0.004066613,-7.44E-05,1.516957302
1.515491551,-0.00590457,-0.000151141,0.002454951,1.511897596
1.511585621,-0.00548522,-4.69E-06,-0.001773411,1.506563896
1.506346611,-0.00684248,0.000344511,0.002357857,1.501545353
1.500506981,-0.008985866,0.001486462,-0.001336977,1.490844405
1.494837184,-0.009479919,0.001927485,-0.00113955,1.485868385
1.489469784,-0.007052473,-0.002889327,0.002859119,1.480413678
1.484734343,-0.001423243,-0.006163121,-0.003358613,1.475209587
1.480439503,0.005296056,-2.12E-05,0.00071147,1.485903599
1.476032122,0.00962373,0.007591308,0.002792731,1.49609183
1.470977715,0.009211943,0.004329469,-0.003476355,1.480800595
1.465755304,0.005432946,-0.004430003,0.002253532,1.469754327
1.460642275,0.000829533,-0.00663816,-0.000322001,1.453901227
1.456005318,-0.002038724,-1.50E-05,-0.001518996,1.454146207
1.451738079,-0.002587562,0.005344689,0.001276527,1.455023752
1.447611098,-0.001819288,0.00260543,-9.93E-05,1.449042164
1.44339222,-0.001270297,-0.003124546,-0.000457001,1.438670937
1.439280228,-0.00148339,-0.003288267,0.000113348,1.433445432
1.435679691,-0.002246304,0.000762668,0.00026715,1.43339589
1.432293479,-0.004178375,0.001024351,-0.001408614,1.428064873
1.428793718,-0.007266656,-0.000168915,0.002621978,1.422920318
1.425265974,-0.009826065,0.00241481,-0.001991957,1.417429033
1.421967063,-0.009545472,0.001916621,-0.001031968,1.412409229
1.419035025,-0.005204847,-0.005690135,0.004136727,1.412578793
1.416531118,0.002517103,-0.00655915,-0.005436162,1.407598373
1.414382168,0.010873006,0.005356491,0.00226485,1.433392049
1.41159118,0.015139368,0.009609938,0.003173659,1.438255018
1.407869462,0.013462412,-0.001250244,-0.004536755,1.417354717
1.404020583,0.008278301,-0.007386766,0.002551976,1.406981664
1.400364785,0.002457275,-0.001578181,-6.51E-05,1.401203778
1.396962871,-0.001983348,0.003127698,-0.001277941,1.396700823
1.393839226,-0.004260575,0.001402783,0.000547728,1.391284789
1.390904605,-0.005103876,-0.000344461,-1.42E-05,1.386228768
1.387220514,-0.006831571,-0.000898055,0.00090228,1.380436676
1.383254972,-0.008546599,0.00116385,-0.000219126,1.375236415
1.379446356,-0.008519935,0.002022046,-0.00218817,1.370512802
1.376072153,-0.005704962,-0.002166138,0.003745251,1.370508557
1.373015364,-0.000751583,-0.005319127,-0.003433484,1.364735511
1.370367925,0.00488527,0.000656945,7.92E-05,1.375392017
1.367535973,0.00828325,0.006528522,0.003728022,1.386111515
1.364165413,0.007863428,0.002278154,-0.004236379,1.369850004
1.3606692,0.004981092,-0.004249886,0.00232593,1.364782795
1.35724449,0.001634385,-0.00389254,0.000129113,1.354322047
1.35399659,-0.000492515,0.001068749,-0.001703022,1.354641702
1.350961712,-0.000768342,0.003452426,0.001415217,1.354703921
1.347960286,4.35E-05,0.001098687,-0.000467391,1.349314998
1.344959568,0.000821325,-0.001977061,0.000206262,1.344189194
1.341958939,0.000639233,-0.002159918,-0.000721811,1.338991379
1.339452554,-0.000332997,0.000474197,0.00116946,1.338914523
1.337268845,-0.00266678,0.000865628,-0.001947924,1.334006676
1.335157742,-0.006558191,-0.000767579,0.001502888,1.328644431
1.332684062,-0.011234292,0.000352888,0.001330756,1.323170899
1.330643649,-0.013147399,0.003870061,-0.004294917,1.318169159
1.328829466,-0.01077901,-0.001429212,0.003419624,1.318466444
1.327652588,-0.00350089,-0.008208524,0.001279782,1.31829304
1.326746151,0.006089852,-0.001751202,-0.007881998,1.323872422
1.326131906,0.014415296,0.010331828,0.010143349,1.360121677
1.324139491,0.016044195,0.004522222,-0.004777006,1.339530687
1.321922649,0.012598015,-0.005770014,-0.001600913,1.329028657
1.319497141,0.006306929,-0.004836731,0.004096058,1.323674127
1.317322363,0.000490502,0.001714586,-0.002017468,1.318633897
1.315074057,-0.003339334,0.002246684,-0.001643339,1.313475132
1.313336716,-0.003827696,0.001306884,0.002636673,1.313202063
1.311227186,-0.003275571,-0.000451422,-0.000759558,1.307795995
1.309061678,-0.00251884,-0.00151502,-0.000707205,1.303032919
1.307274712,-0.001888702,-0.000727622,-5.98E-05,1.303357356
1.305948499,-0.002269353,-0.000387089,0.000968706,1.303410044
1.304359809,-0.005104487,-0.000725991,-0.000896799,1.297887081
1.302810107,-0.008840382,0.003112251,0.000502529,1.298073506
1.301131873,-0.011372473,0.003870054,-0.000126693,1.293463614
1.300068833,-0.009294501,-0.003101908,0.000276862,1.288003393
1.299875073,-0.001790678,-0.008921204,-0.002280431,1.287452522
1.300641207,0.008674263,-0.002214727,0.00220834,1.309015364
1.301255741,0.015961155,0.008243342,-0.000702896,1.325079329
