1.051893863,0.053391514,0.019136843,0.00756651,1.134219393
1.051846649,0.053328942,0.018960588,0.006084128,1.134219393
1.051715425,0.053166726,0.018570787,0.003367147,1.134219393
1.051456116,0.052861127,0.017929272,-4.93E-05,1.123716653
1.05116219,0.052508021,0.017152787,-0.003236923,1.114687583
1.050919296,0.052195707,0.016353045,-0.005354572,1.110337925
1.05074546,0.051943668,0.015565166,-0.006004473,1.110337925
1.050611797,0.05172338,0.014768653,-0.005284053,1.110337925
1.050507407,0.051524075,0.013958824,-0.003605357,1.111109944
1.050426351,0.051339861,0.013134972,-0.001551209,1.112664996
1.05036158,0.051163677,0.012294546,0.000296952,1.112664996
1.050323136,0.051005667,0.011452607,0.001541529,1.112664996
1.050317506,0.050872271,0.010619186,0.002021384,1.112096567
1.05034346,0.050761905,0.009793858,0.001809613,1.111722053
1.050389159,0.050662026,0.008962568,0.00115356,1.110936817
1.05043744,0.050554521,0.008103876,0.000388052,1.110435377
1.050467921,0.050417957,0.007192422,-0.000168156,1.109586514
1.050464507,0.050235289,0.006208205,-0.00029568,1.108815141
1.050417933,0.049996507,0.005140218,6.66E-05,1.108204454
1.050319426,0.049692289,0.003980169,0.000795791,1.107619277
1.050165302,0.049318636,0.002727538,0.001629951,1.106929256
1.049947685,0.048867512,0.001379741,0.002236018,1.106388415
1.049651817,0.048324174,-7.03E-05,0.002316516,1.105611474
1.049247146,0.047658431,-0.001641656,0.001713504,1.103114125
1.048742589,0.046880849,-0.003303029,0.000576658,1.089940551
1.048277245,0.046133888,-0.004879427,-0.000573408,1.084987095
1.047890711,0.045459351,-0.006304514,-0.001391017,1.081988395
1.047570445,0.044845462,-0.007576219,-0.001781161,1.081988395
1.04727244,0.044248029,-0.008732437,-0.001856035,1.081988395
1.046958125,0.043628175,-0.009807586,-0.001785232,1.079306096
1.046633288,0.042991907,-0.010788577,-0.001644059,1.078869033
1.046276,0.042317532,-0.011690549,-0.001474589,1.077251771
1.04589151,0.041611133,-0.012497598,-0.001192036,1.071749661
1.045536376,0.040930753,-0.013138483,-0.000607187,1.071510906
1.045207252,0.040273888,-0.013607921,0.000303048,1.071510906
1.044889606,0.03962651,-0.013915794,0.001415886,1.071749661
1.044580028,0.038985826,-0.014061426,0.002517717,1.071054714
1.044286191,0.038360324,-0.014032992,0.003348421,1.071054714
1.044014717,0.037757575,-0.013820235,0.003647172,1.068639504
1.043801085,0.037214295,-0.013383613,0.003260365,1.065621264
1.043685619,0.03677179,-0.012682727,0.002140517,1.065576857
1.043654394,0.036416054,-0.011741831,0.000285402,1.065576857
1.043683014,0.036121935,-0.010602923,-0.002144719,1.065621264
1.043738876,0.035855746,-0.009320566,-0.004784941,1.065258874
1.04380235,0.035596908,-0.007936659,-0.007060244,1.064446549
1.043861701,0.035333056,-0.00648375,-0.008303603,1.064446549
1.043932728,0.03508002,-0.004962569,-0.007902176,1.061335477
1.044089846,0.0349129,-0.003311164,-0.005483113,1.061335477
1.044440017,0.034938908,-0.001439678,-0.001184367,1.061335477
1.045004043,0.035175744,0.000628435,0.004015453,1.10271234
1.045303224,0.035136077,0.002328178,0.0080404,1.10271234
1.045348932,0.034828052,0.003627774,0.009890545,1.10271234
1.045215912,0.034326431,0.00458725,0.009397156,1.101790568
1.044931006,0.033659047,0.005229879,0.006979613,1.09177167
1.044612734,0.032946753,0.00568387,0.00362563,1.087968958
1.044268384,0.032198066,0.005960311,0.000249236,1.085741187
1.043871301,0.031386893,0.006033287,-0.002459846,1.080478321
1.043431438,0.030523936,0.005916948,-0.004065617,1.080328376
1.042905011,0.029565848,0.005571462,-0.004554704,1.079442593
1.042271744,0.028493561,0.004988597,-0.00413375,1.072896868
1.041609022,0.027387252,0.004271784,-0.003004398,1.068611692
1.040974842,0.026307777,0.003506962,-0.00148831,1.066923229
1.04038403,0.025272074,0.002731849,-1.22E-05,1.066920457
1.039825112,0.024270196,0.001953495,0.001026808,1.06478561
1.039310615,0.023316209,0.00120289,0.001441589,1.062002272
1.038861208,0.022432237,0.000518074,0.001265399,1.058879954
1.038486268,0.021628654,-7.85E-05,0.0006768,1.058879954
1.038160181,0.02088029,-0.000604294,-9.74E-05,1.053074199
1.037926293,0.020231213,-0.001007068,-0.000715341,1.052772908
1.037766063,0.01966267,-0.001304516,-0.001017711,1.052772908
1.037651534,0.019145923,-0.001529232,-0.001000028,1.053074199
1.037560089,0.018657435,-0.001710326,-0.00075985,1.053579999
1.037472981,0.018177572,-0.00187331,-0.000443997,1.053579999
1.037379817,0.017695229,-0.002034212,-0.000180596,1.053579999
1.037273993,0.017203286,-0.002203816,-3.94E-05,1.052633644
1.037158622,0.01670456,-0.002381388,-5.65E-06,1.051966699
1.037032076,0.016197168,-0.002570487,-1.62E-05,1.051945983
1.036880755,0.015667244,-0.002786447,2.72E-06,1.05093705
1.036707053,0.015117236,-0.00302591,0.000146891,1.049477083
1.036522003,0.014558492,-0.003274559,0.000481551,1.048138854
1.036338754,0.014004555,-0.003515197,0.00098835,1.047686523
1.036156124,0.013454471,-0.003746138,0.001528119,1.047686523
1.035969742,0.012904039,-0.003969288,0.001893379,1.046651247
1.035784559,0.012358489,-0.004176434,0.001893458,1.045329838
1.035610757,0.011828311,-0.004353966,0.001412847,1.043653806
1.035447629,0.01131287,-0.004501097,0.000432325,1.043653806
1.035268062,0.010784812,-0.004645926,-0.000956694,1.042844549
1.035038165,0.01021018,-0.004821868,-0.002498798,1.040846887
1.034774639,0.009606817,-0.005002434,-0.003710674,1.028692478
1.034622314,0.009122035,-0.005023176,-0.003946672,1.028692478
1.03459999,0.008775342,-0.004860226,-0.003030767,1.028692478
1.034684652,0.008542536,-0.004547461,-0.001257786,1.040996685
1.034723085,0.008267402,-0.004263677,0.000622278,1.042777532
1.034689249,0.007922244,-0.00405035,0.002061569,1.043791026
1.034596447,0.007519946,-0.00389961,0.002785474,1.042777532
1.034466961,0.007082977,-0.003789222,0.002782753,1.040996685
1.034325988,0.006636961,-0.003691686,0.00224803,1.040034335
1.034175909,0.006184497,-0.003603511,0.001446791,1.038012159
1.03402603,0.005735025,-0.003514668,0.000656775,1.037707631
1.033859687,0.005271659,-0.003443548,3.99E-05,1.037707631
1.033653472,0.004770699,-0.003415475,-0.000356962,1.037707631
1.033392801,0.004217637,-0.003443589,-0.000552313,1.03468017
1.033105096,0.003640656,-0.003493246,-0.000555003,1.034328322
1.032787047,0.003037209,-0.00356008,-0.000454818,1.032952607
1.032448296,0.002418021,-0.003624102,-0.000327406,1.030223108
1.03212356,0.001819313,-0.003637064,-0.000191073,1.027244055
1.031849916,0.001279576,-0.003549502,-5.72E-05,1.027244055
1.031621154,0.000793291,-0.003361539,-1.06E-05,1.027244055
1.031428725,0.000352245,-0.003079274,-0.000122384,1.026779447
1.031270079,-4.59E-05,-0.002704648,-0.000400123,1.026779447
1.031137907,-0.000408314,-0.002246277,-0.000789543,1.026779447
1.031025379,-0.000741751,-0.001712981,-0.00117115,1.025510656
1.030951276,-0.001027006,-0.001086696,-0.001357361,1.024137844
1.030940274,-0.001239029,-0.000344753,-0.001193551,1.024137844
1.031009221,-0.001361044,0.000523072,-0.000654015,1.025510656
1.031145515,-0.001406617,0.001489586,9.44E-05,1.032038337
1.031281026,-0.001445677,0.002464812,0.000721141,1.032743438
1.031413553,-0.001481683,0.003428421,0.001030656,1.035781416
1.031525165,-0.0015337,0.004345362,0.000924638,1.035781416
1.031622622,-0.00159575,0.005208242,0.00048077,1.036410244
1.031705957,-0.001668552,0.006003693,-0.000120869,1.037365928
1.031759889,-0.001768254,0.006702792,-0.000671139,1.038119543
1.031772882,-0.001907135,0.007282249,-0.000962316,1.038729433
1.031736089,-0.002094525,0.007724499,-0.000845958,1.038769188
1.031655148,-0.002324876,0.008030726,-0.000264897,1.038924909
1.031537395,-0.002590682,0.008207048,0.000696602,1.039114928
1.031395147,-0.002879263,0.008267217,0.001820131,1.039194291
1.031239276,-0.003179354,0.008224829,0.00278678,1.039481202
1.031075043,-0.003485418,0.008087933,0.003250399,1.039591385
1.030895081,-0.00380477,0.007851137,0.002930654,1.039591385
1.030680187,-0.004156698,0.007497094,0.001720214,1.039591385
1.030388629,-0.004582904,0.006987942,-0.000246586,1.03677606
1.030038382,-0.005064016,0.006357043,-0.002450541,1.022365443
1.029787076,-0.005439513,0.005789305,-0.00404668,1.022148154
1.029618843,-0.005724468,0.005280074,-0.004615279,1.022148154
1.029499561,-0.005953333,0.004797247,-0.004079723,1.022148154
1.029413461,-0.006142535,0.004324081,-0.002634058,1.027131141
1.029294902,-0.006358853,0.003790241,-0.000749757,1.027131141
1.029152209,-0.006594182,0.003206548,0.001153476,1.027131141
1.02900515,-0.006828485,0.00259929,0.002722522,1.026700484
1.028872159,-0.007043029,0.00199383,0.003696416,1.026700484
1.028753116,-0.007237948,0.001394588,0.003909699,1.026700484
1.028636147,-0.007425441,0.000791856,0.00332456,1.026700484
1.02848719,-0.007640106,0.000152193,0.002033903,1.026700484
1.028286215,-0.007901944,-0.000539218,0.000326617,1.017035416
1.028126543,-0.008116362,-0.00117428,-0.001251432,1.01645945
1.027995084,-0.00829625,-0.001759645,-0.002382969,1.014715697
1.02787711,-0.008456639,-0.00230782,-0.002918045,1.014715697
1.027744329,-0.008626399,-0.002847253,-0.002882007,1.017035416
1.027553581,-0.008849128,-0.003420157,-0.002413803,1.012781295
1.027355283,-0.009073628,-0.00396589,-0.001548973,1.012781295
1.027158724,-0.009289925,-0.004465677,-0.00042063,1.01251269
1.026970949,-0.009490336,-0.004903738,0.000791857,1.012166288
1.026808811,-0.009657275,-0.005254343,0.001904564,1.010938731
1.026700331,-0.009762062,-0.005482,0.00274074,1.010938731
1.026653419,-0.009796717,-0.005576884,0.003096427,1.01251269
1.026638924,-0.009791179,-0.005573843,0.002759569,1.015320885
1.026604251,-0.009799242,-0.005535094,0.001625887,1.015320885
1.026516343,-0.009854728,-0.005500324,-0.000149809,1.015320885
1.026367485,-0.009965016,-0.00547556,-0.002122353,1.004029954
1.026289579,-0.00999622,-0.005315002,-0.003535766,1.003907279
1.026285991,-0.009944328,-0.005012392,-0.003971549,1.003907279
1.026352501,-0.009813726,-0.004576503,-0.003330709,1.004029954
1.026500109,-0.009594085,-0.004006088,-0.001819393,1.010343966
1.026662313,-0.009353814,-0.003387765,-1.08E-05,1.016890234
1.02677536,-0.009158559,-0.002805751,0.001479509,1.017692402
1.026860207,-0.008988031,-0.002250121,0.002322128,1.017692402
1.026946578,-0.008812723,-0.001698523,0.002435972,1.018585918
1.027038849,-0.008628759,-0.001155809,0.001911846,1.019024819
1.027130496,-0.008443467,-0.000639836,0.000977707,1.020417099
1.027196554,-0.008282901,-0.000188598,-8.06E-05,1.020772698
1.027220426,-0.008164608,0.000170012,-0.000950913,1.020820367
1.027194649,-0.008096707,0.000420504,-0.00136957,1.020820367
1.027116218,-0.008082543,0.000555417,-0.001197064,1.020834712
1.026990266,-0.008116979,0.000579276,-0.000454207,1.020845095
1.026827466,-0.008189063,0.000505434,0.000672189,1.021030095
1.026640485,-0.008285719,0.000351304,0.001863364,1.021315211
1.026436901,-0.008399011,0.000129751,0.002737022,1.022063096
1.026210191,-0.008535292,-0.000161043,0.002941784,1.022063096
1.025950773,-0.008704012,-0.000525439,0.00228815,1.022063096
1.025626185,-0.008937496,-0.000989739,0.000807245,1.021775241
1.025224886,-0.009246202,-0.001551172,-0.001138594,1.008221608
1.024897421,-0.009476702,-0.002030822,-0.002773915,1.007032831
1.024643801,-0.009627759,-0.002413078,-0.003634119,1.006770636
1.024434194,-0.009729035,-0.002721081,-0.003554566,1.006770636
1.024258543,-0.009790537,-0.002959858,-0.002603427,1.006770636
1.02412898,-0.009799997,-0.003112478,-0.001042966,1.006097279
1.024068443,-0.009734635,-0.003154247,0.000709825,1.01123591
1.024022498,-0.009650197,-0.003147456,0.002064707,1.016023448
1.023924682,-0.00961465,-0.003168234,0.002549322,1.017310651
1.023769453,-0.009633876,-0.003222909,0.002095961,1.01123591
1.023633932,-0.009629904,-0.003225957,0.001069683,1.01123591
1.023515188,-0.009605509,-0.003177377,-0.00012361,1.010069254
1.023404069,-0.009570044,-0.003086476,-0.001082671,1.009793617
1.02329346,-0.009530881,-0.002961283,-0.001505309,1.009135541
1.023184518,-0.00948706,-0.002801427,-0.001263202,1.009135541
1.02308756,-0.009428446,-0.00259757,-0.000439007,1.009793617
1.022994355,-0.009363882,-0.002362443,0.00064927,1.016094352
1.022832145,-0.00936729,-0.002177464,0.001502976,1.016094352
1.022600837,-0.009438859,-0.002042952,0.001825211,1.016094352
1.022312923,-0.009565304,-0.001939392,0.00154764,1.012599837
1.022024117,-0.009689199,-0.001796854,0.000871832,1.006849932
1.021813958,-0.009729133,-0.001520851,0.000128883,1.006849932
1.021681955,-0.009685067,-0.001108095,-0.000514204,1.007340925
1.021598938,-0.009586725,-0.0005935,-0.001034391,1.012599837
1.021489696,-0.009510444,-6.33E-05,-0.001515632,1.009706976
1.021387215,-0.009423225,0.000512666,-0.001851324,1.009706976
1.0213009,-0.00931563,0.001140428,-0.001946768,1.011387568
1.021213998,-0.009204605,0.001797806,-0.001761537,1.011387568
1.0211438,-0.009072631,0.002499305,-0.00123285,1.009706976
1.021141055,-0.008868533,0.003293693,-0.000327031,1.011387568
1.021203765,-0.008594919,0.004168307,0.000772787,1.018596062
1.021254877,-0.0083306,0.005026076,0.001678186,1.021414474
1.021272729,-0.008098441,0.005829324,0.002127763,1.021933345
1.021274005,-0.007882249,0.006584441,0.002055432,1.022397264
1.021267739,-0.007673344,0.007291522,0.001524134,1.022397264
1.021260702,-0.007465359,0.007948397,0.000696316,1.022825317
1.021244884,-0.007266931,0.008536852,-0.000232704,1.023446199
1.02120781,-0.007091253,0.009034073,-0.001063549,1.023446199
1.021142224,-0.006946219,0.009423833,-0.001615961,1.024072121
1.021037423,-0.006843079,0.009688085,-0.001774105,1.024334313
1.020888555,-0.006786993,0.009817516,-0.001493266,1.02453203
1.020699201,-0.006774393,0.009814707,-0.000805472,1.024587122
1.020476718,-0.006797697,0.009688945,0.000172757,1.024711786
1.020231801,-0.006845833,0.009455075,0.001252721,1.024711786
1.019973625,-0.006909235,0.009127491,0.002196339,1.024765377
1.019707741,-0.006982052,0.008717026,0.002759495,1.024857315
1.019427262,-0.00707109,0.008221186,0.002739181,1.024857315
1.019115996,-0.007192578,0.007627998,0.002044077,1.024765377
1.018742269,-0.007378123,0.006911682,0.000743831,1.022440449
1.018318208,-0.007614523,0.00609882,-0.000823859,1.01207538
1.017951689,-0.007791726,0.005320524,-0.002090725,1.010942915
1.017637114,-0.007914496,0.0045842,-0.002758832,1.010178138
1.017348353,-0.008008927,0.003870177,-0.002759954,1.010178138
1.0170663,-0.00809421,0.003164476,-0.002189903,1.010178138
1.016784273,-0.008176908,0.002466794,-0.001242364,1.008226561
1.016528734,-0.008230098,0.001812263,-0.000124444,1.009128074
1.016292081,-0.008261257,0.001198935,0.000889747,1.009128074
1.016076493,-0.008268111,0.000633866,0.001581604,1.008226561
1.015894106,-0.008238459,0.000133263,0.001835386,1.008226561
1.015737095,-0.008180454,-0.000310291,0.001607978,1.009128074
1.015578178,-0.008122015,-0.000726524,0.000942257,1.00776031
1.01541788,-0.008062981,-0.00111572,3.47E-05,1.006201473
1.015255395,-0.008004463,-0.001479288,-0.000855321,1.006201473
1.015073396,-0.007964117,-0.001835581,-0.001493966,1.003754312
1.014891012,-0.007922676,-0.0021631,-0.001657241,1.00198799
1.014729883,-0.007858319,-0.00243778,-0.001253682,1.00198799
1.014590667,-0.007770638,-0.002660215,-0.000404996,1.003754312
1.0144471,-0.0076867,-0.002862442,0.000576543,1.007606217
1.014249501,-0.007657159,-0.00310123,0.001311439,1.007606217
1.013993206,-0.007686851,-0.003381968,0.001590016,1.007606217
1.013688259,-0.007765065,-0.00368854,0.001405235,1.001412106
1.01341794,-0.007806896,-0.003924239,0.000998424,0.999401651
1.01321058,-0.007783105,-0.00405317,0.000550052,0.999401651
1.01305012,-0.007709912,-0.004092751,0.000106514,1.001023414
1.012898879,-0.00762578,-0.004087457,-0.000372538,1.001412106
1.012737185,-0.007551083,-0.004063611,-0.000898661,1.001023414
1.012558816,-0.007492486,-0.004032242,-0.001417592,1.001023414
1.01235421,-0.007459808,-0.004006301,-0.001825834,1.000252407
1.012129199,-0.007447068,-0.003980145,-0.001961133,0.998238052
1.011910835,-0.007426695,-0.003924112,-0.001652267,0.998238052
1.011709162,-0.007388237,-0.003826525,-0.000850274,0.997135954
1.011556942,-0.007298543,-0.003653551,0.000373324,0.997135954
1.011469194,-0.007142932,-0.003395194,0.001742283,1.003475822
1.011368146,-0.007000922,-0.003145336,0.002733984,1.008191708
1.011191395,-0.006936527,-0.002981312,0.00293059,1.008191708
1.01093048,-0.006958705,-0.002917263,0.002248541,1.008191708
1.010594522,-0.007057684,-0.002940073,0.000936543,0.997875933
1.010308488,-0.007106499,-0.002909899,-0.000404307,0.997875933
1.010065889,-0.007111088,-0.002829326,-0.001403713,0.997875933
1.009840398,-0.007098079,-0.002727526,-0.00188977,0.997960809
1.009616736,-0.007083213,-0.002623991,-0.001848962,0.999238066
1.009373157,-0.007088785,-0.002545259,-0.001418594,0.999515138
1.00910279,-0.007122,-0.002501059,-0.000790263,1.001135377
1.008788043,-0.007200654,-0.002510359,-0.000172203,1.001135377
1.008427413,-0.007325988,-0.002571915,0.000315461,1.001135377
1.008029108,-0.007488972,-0.002669957,0.00066294,0.997439819
1.00764952,-0.00763168,-0.002734843,0.000992125,0.99499061
1.007331633,-0.007709865,-0.002712627,0.001372074,0.99499061
1.007074815,-0.007723891,-0.002601183,0.001702196,0.997439819
1.006837352,-0.007716154,-0.00244735,0.001742715,0.999948616
1.006574404,-0.00773235,-0.002302778,0.001284203,0.999948616
1.006265793,-0.007792994,-0.002190479,0.00030424,0.999948616
1.005908483,-0.007900588,-0.00210948,-0.000985801,0.991589593
1.005601313,-0.007954508,-0.001947438,-0.002091188,0.99052403
1.005356904,-0.007941256,-0.001685649,-0.002681873,0.990463454
1.005163809,-0.007872165,-0.001336171,-0.002623983,0.990463454
1.005030973,-0.007738356,-0.000893033,-0.001938433,0.990463454
1.004963672,-0.007535158,-0.000358987,-0.000836361,0.997247783
1.004887881,-0.007338202,0.000175654,0.000249525,0.998903898
1.004793876,-0.007158197,0.000689303,0.00102371,0.99943351
1.004698093,-0.00697914,0.001190807,0.001370285,0.999895012
1.004608396,-0.006793617,0.001680417,0.001303409,1.000784286
1.00451873,-0.006608355,0.002142974,0.000928865,1.001646348
1.004415762,-0.006437516,0.002555123,0.000410428,1.002425719
1.004284753,-0.006296653,0.00289275,-6.75E-05,1.002526293
1.004120276,-0.0061918,0.003143313,-0.00033477,1.002526293
1.003920783,-0.006124915,0.003300552,-0.000291098,1.002559
1.003686575,-0.006095949,0.003362158,5.86E-05,1.002822849
1.003417218,-0.006105474,0.003326953,0.000600219,1.002879239
1.003115129,-0.006151105,0.003198418,0.001146868,1.002987203
1.002779501,-0.006233652,0.002977989,0.001484974,1.0031602
1.002400409,-0.006363094,0.00265864,0.001433143,1.0031602
1.001961473,-0.00655579,0.002228484,0.000915735,1.0031602
1.001428518,-0.006845667,0.001660827,-1.45E-06,1.002317345
1.000801061,-0.00723172,0.000973281,-0.001012401,0.989706446
1.000224293,-0.00756544,0.0003437,-0.001532275,0.988532087
0.999715638,-0.007827315,-0.000187314,-0.001327377,0.98521163
0.999302744,-0.007988351,-0.00057565,-0.000449219,0.98521163
0.998987097,-0.008046754,-0.000812612,0.000727627,0.988532087
0.998713261,-0.008058952,-0.000957695,0.001585631,0.993111152
0.99841252,-0.008094997,-0.001087186,0.001576579,0.993111152
0.998060116,-0.008180218,-0.001228003,0.000538433,0.993111152
0.997653328,-0.00831679,-0.001376604,-0.001229615,0.982163083
0.99731585,-0.008378954,-0.001391918,-0.002935387,0.98076238
0.997057021,-0.008356547,-0.001257638,-0.003930538,0.980676122
0.99685455,-0.008272012,-0.000997912,-0.003828571,0.980676122
0.996718802,-0.008115256,-0.000606602,-0.00252153,0.980676122
0.996656517,-0.007880462,-8.75E-05,-0.000294648,0.991384876
0.996556769,-0.007680804,0.000426998,0.002100072,0.992463869
0.996430714,-0.007506195,0.000935046,0.004024768,0.994897918
0.996280111,-0.007355653,0.00142773,0.004957804,0.998606914
0.996070693,-0.007264344,0.001859474,0.004584852,0.998606914
0.995788165,-0.00724688,0.002209626,0.002983046,0.998606914
0.99543373,-0.007301408,0.002481127,0.000623831,0.987242706
0.99513308,-0.00730015,0.002812563,-0.001637789,0.986976045
0.994880464,-0.007248165,0.003200357,-0.003215675,0.985701575
0.994662415,-0.007158925,0.003627291,-0.003796057,0.985701575
0.994481894,-0.007029625,0.00409087,-0.003346614,0.985701575
0.994337158,-0.006862594,0.00458018,-0.002136996,0.992119116
0.994162307,-0.006725009,0.005014731,-0.000707336,0.993027939
0.993959974,-0.006614726,0.005388708,0.00051448,0.993484092
0.993754156,-0.00650771,0.005722092,0.001277261,0.993652388
0.993556361,-0.006392508,0.006021967,0.001491654,0.994674976
0.993360362,-0.006275692,0.006275779,0.001216723,0.994833745
0.993158137,-0.006165768,0.006468492,0.000646365,0.994833745
0.992941987,-0.006070954,0.006585618,4.55E-05,0.994833745
0.992699539,-0.006004146,0.006608628,-0.000340623,0.99457265
0.992426628,-0.005969847,0.006529425,-0.00034235,0.99412336
0.992124064,-0.005967392,0.006347284,7.68E-05,0.993835073
0.991797172,-0.005991444,0.006068081,0.000801455,0.993796145
0.991447389,-0.006040539,0.005694873,0.001579792,0.993752099
0.991076621,-0.006112743,0.00523206,0.002102292,0.993675723
0.990676498,-0.006216519,0.00467376,0.002084484,0.993660095
0.990227779,-0.006371266,0.004003707,0.001370663,0.993615985
0.989691761,-0.006615679,0.003188593,9.84E-06,0.991461679
0.989073145,-0.006943832,0.002248993,-0.001615373,0.979694274
0.988499197,-0.007225621,0.001341037,-0.002802126,0.975418457
0.988009017,-0.007420178,0.00052454,-0.003101836,0.975325287
0.987572065,-0.007557739,-0.000222126,-0.002470613,0.975325287
0.987178942,-0.007647801,-0.000903308,-0.001133727,0.975325287
0.986813603,-0.007707027,-0.001534597,0.000452861,0.981773245
0.986389561,-0.007823211,-0.002207477,0.001676372,0.981773245
0.985884033,-0.008019407,-0.00294167,0.002179709,0.981773245
0.985311794,-0.008279654,-0.003707827,0.001962149,0.970061296
0.984817805,-0.008456236,-0.004334585,0.001440378,0.969096938
0.984413353,-0.008536678,-0.004797045,0.000858708,0.968816014
0.984068621,-0.008550891,-0.00512255,0.000301472,0.968816014
0.983762579,-0.008520405,-0.005334092,-0.000221723,0.968816014
0.983472908,-0.008468246,-0.00545865,-0.000749646,0.968816014
0.983183576,-0.008411128,-0.005517542,-0.001304329,0.968816014
0.982877153,-0.008367054,-0.005533214,-0.001855731,0.968274112
0.982551657,-0.008338189,-0.005510116,-0.00227604,0.96623143
0.982227782,-0.008303604,-0.005427213,-0.002360818,0.965341501
0.981919359,-0.008249257,-0.005270967,-0.001950583,0.965341501
0.981632766,-0.008168784,-0.005037586,-0.001009779,0.96623143
0.981362276,-0.008068314,-0.004738929,0.000324018,0.970956056
0.981060441,-0.007996113,-0.004432101,0.001728424,0.970956056
0.980744079,-0.007935476,-0.004104788,0.002932134,0.971840073
0.980421311,-0.007878293,-0.003752679,0.003668067,0.973354167
0.980082977,-0.007833897,-0.003389982,0.00371072,0.973354167
0.979726795,-0.007804666,-0.00302348,0.002974631,0.973354167
0.979340499,-0.007802972,-0.002669862,0.001531319,0.973354167
0.978898114,-0.007854723,-0.002357934,-0.00037917,0.970488668
0.978423401,-0.0079351,-0.002058971,-0.002281801,0.962891661
0.977998197,-0.007960476,-0.001680624,-0.003592691,0.962487292
0.977621787,-0.007930754,-0.001220985,-0.004009118,0.962433845
0.977284771,-0.007855033,-0.000691515,-0.003490316,0.962433845
0.977008359,-0.007711801,-7.39E-05,-0.002191872,0.962433845
0.976802697,-0.007491244,0.000633421,-0.000496128,0.971545027
0.976575339,-0.007287323,0.001319832,0.000983044,0.971810053
0.97633859,-0.007088212,0.001987104,0.001899857,0.972292578
0.976119879,-0.006866483,0.002655792,0.00214766,0.972292578
0.97593249,-0.006609092,0.003330475,0.001794477,0.973076665
0.975769851,-0.00632335,0.003992042,0.001021071,0.974990628
0.975597774,-0.006044682,0.00459016,5.26E-05,0.975706775
0.975396707,-0.005793778,0.005090434,-0.000829231,0.975955037
0.975153889,-0.005584295,0.00546799,-0.001360393,0.976140701
0.974862949,-0.005423209,0.005707725,-0.001363445,0.976421349
0.974520086,-0.005314634,0.005800681,-0.000802207,0.976483434
0.974132516,-0.00525132,0.005752978,0.000213531,0.976699638
0.973707544,-0.00522573,0.005573684,0.001430444,0.976905078
0.97325395,-0.005228767,0.00527534,0.002509033,0.97733953
0.972768298,-0.00526364,0.004858795,0.003091184,0.977509912
0.972241826,-0.005338919,0.004320536,0.00291558,0.977509912
0.971643455,-0.005485485,0.003636064,0.001892031,0.977509912
0.970950107,-0.005725422,0.00279632,0.000222013,0.966996021
0.970272231,-0.005945413,0.001940988,-0.001471035,0.959830964
0.96968653,-0.006066205,0.001173835,-0.002612619,0.957578297
0.969188103,-0.006091692,0.000504627,-0.002966257,0.957578297
0.968753402,-0.006045389,-8.39E-05,-0.002595562,0.957578297
0.968359204,-0.00595101,-0.000613384,-0.001776342,0.960952103
0.967954906,-0.005860003,-0.001136367,-0.000905634,0.960952103
0.967529052,-0.005784118,-0.001662144,-0.000253275,0.960952103
0.967090245,-0.005714383,-0.00217505,0.000105592,0.956864915
0.966690007,-0.005598331,-0.002612443,0.000306031,0.956370365
0.966340718,-0.005423103,-0.002954991,0.000482747,0.955331587
0.96604936,-0.005181714,-0.003193285,0.000728359,0.955331587
0.965818443,-0.004872188,-0.003327469,0.001041239,0.956864915
0.965611649,-0.004532303,-0.00340437,0.001263178,0.962750994
0.965342453,-0.004250609,-0.003525619,0.001148388,0.962750994
0.964987414,-0.00405154,-0.003721635,0.000655961,0.962750994
0.964553242,-0.003928116,-0.003982375,-3.95E-05,0.954960705
0.964134075,-0.003784643,-0.004200143,-0.000550387,0.954535928
0.963739259,-0.003610986,-0.004357833,-0.000684892,0.954195434
0.963359872,-0.003415819,-0.004461144,-0.00043835,0.954195434
0.962999125,-0.003195765,-0.004504711,6.40E-05,0.954195434
0.962655295,-0.002952597,-0.004490238,0.000586658,0.956405653
0.962304331,-0.002710681,-0.004444191,0.000845884,0.956405653
0.961942134,-0.002474182,-0.004371475,0.00067673,0.956405653
0.96157233,-0.002239229,-0.004267129,8.63E-05,0.953823615
0.96122443,-0.001975725,-0.004098065,-0.000724551,0.952599339
0.960911198,-0.001670556,-0.003850259,-0.001492576,0.952408322
0.960627127,-0.001329268,-0.003531572,-0.001980264,0.952334094
0.960371679,-0.000952577,-0.003146609,-0.002008722,0.952408322
0.960154869,-0.000530709,-0.002690619,-0.001504244,0.952408322
0.959984898,-5.61E-05,-0.002164474,-0.000559822,0.958795104
0.959792382,0.000400186,-0.001654131,0.000486387,0.960894255
0.959562213,0.000822075,-0.001187043,0.0013583,0.962227492
0.959298787,0.001213466,-0.000766361,0.001885844,0.962887904
0.959010454,0.001582547,-0.000388434,0.002009038,0.962887904
0.958706996,0.001939095,-4.65E-05,0.001768014,0.962887904
0.958393051,0.00228774,0.000261508,0.0012638,0.962536435
0.958071788,0.002631624,0.000536417,0.00062733,0.96189577
0.957748504,0.002975978,0.000781271,-1.22E-05,0.96189577
0.957414889,0.003312222,0.000984365,-0.000576493,0.962536435
0.957054718,0.003623787,0.00112598,-0.001028777,0.962536435
0.956659216,0.003901785,0.001196235,-0.001330799,0.96189577
0.95623819,0.004156357,0.001207891,-0.001415447,0.959665252
0.955821884,0.004418411,0.001197145,-0.001207861,0.959665252
0.955417828,0.004695879,0.001175815,-0.000727235,0.959665252
0.955027493,0.004990362,0.001147754,-7.53E-05,0.961068115
0.954639158,0.005290011,0.001101745,0.000578873,0.961600294
0.954250596,0.005592486,0.001036313,0.001077992,0.961600294
0.953864302,0.005900139,0.000954659,0.001307723,0.963610231
0.953447837,0.006180107,0.000823217,0.001174379,0.963610231
0.953000237,0.006431549,0.000644372,0.000741084,0.959213446
0.952573635,0.006707364,0.000478814,0.000231274,0.959160509
0.952164286,0.007003955,0.00032672,-0.000218393,0.959160509
0.951755817,0.007304711,0.000172615,-0.000542755,0.959160509
0.95133782,0.007598958,6.83E-06,-0.000717021,0.959213446
0.95089959,0.007875792,-0.000179996,-0.00075182,0.959087196
0.95043585,0.00812993,-0.000390099,-0.000666482,0.959087196
0.949942976,0.008358023,-0.000621707,-0.000477245,0.957382504
0.949446267,0.008586143,-0.000840224,-0.000158263,0.955689908
0.948971844,0.00884125,-0.001009841,0.000286877,0.955689908
0.948526115,0.009130261,-0.001117401,0.000768428,0.955188156
0.94811959,0.009463942,-0.0011482,0.001152752,0.955689908
0.947743208,0.009832942,-0.001111942,0.001260107,0.959474578
0.947336725,0.010176163,-0.0010743,0.000897212,0.959474578
0.946896879,0.010490347,-0.001037694,0.000115516,0.954287022
0.946488837,0.010841622,-0.000929134,-0.000778385,0.953749771
0.946118035,0.01123578,-0.00074046,-0.001523418,0.953640472
0.945774884,0.011663141,-0.00048274,-0.001929199,0.953640472
0.945459128,0.012123265,-0.000159153,-0.001881911,0.953749771
0.945178031,0.012623143,0.000233223,-0.001376402,0.954585425
0.944929209,0.013159731,0.000684033,-0.00055243,0.959537412
0.944660695,0.01367983,0.001128516,0.000297845,0.960942543
0.944368368,0.014178636,0.001553825,0.000970987,0.961545887
0.944065207,0.014668908,0.001967762,0.0013692,0.962013267
0.943762196,0.015161502,0.00237693,0.001473126,0.962296933
0.943466349,0.015663225,0.002783395,0.001319084,0.962889726
0.943175109,0.016171096,0.003178004,0.000964735,0.963972433
0.942873936,0.016669948,0.003538218,0.000470492,0.964382263
0.942555817,0.017152207,0.003849785,-7.68E-05,0.964470612
0.94221674,0.01761341,0.004102725,-0.000578508,0.964483363
0.941854636,0.018051148,0.004290352,-0.000941764,0.964483363
0.941466864,0.018462539,0.004406793,-0.00109793,0.964483363
0.941054401,0.018848469,0.004451578,-0.001008793,0.964247305
0.940622344,0.019214095,0.004430141,-0.000675451,0.964247305
0.94017673,0.019565591,0.004350056,-0.000149455,0.964247305
0.939723609,0.019909167,0.004219603,0.000469049,0.964232707
0.939271062,0.020253026,0.004049241,0.001047758,0.964458624
0.938817193,0.020595174,0.003838176,0.001429313,0.965880068
0.938341973,0.02091525,0.003566123,0.001464827,0.965274059
0.937844035,0.021211749,0.003233424,0.001118612,0.965274059
0.937305548,0.021466717,0.00282471,0.00044185,0.965274059
0.936717307,0.021671324,0.002337668,-0.000383442,0.957925405
0.936160119,0.021907743,0.00186796,-0.000992918,0.957777496
0.935628985,0.022171447,0.001418732,-0.001225338,0.956966295
0.935113618,0.022452123,0.000983878,-0.0010717,0.957777496
0.934593049,0.02272854,0.000544673,-0.000657529,0.957925405
0.934058926,0.022992227,9.61E-05,-0.00015223,0.957082659
0.933519997,0.023252078,-0.000347925,0.000297298,0.957082659
0.932971842,0.023503777,-0.000786682,0.000562689,0.957082659
0.932411963,0.023745084,-0.001216635,0.000592995,0.953942898
0.931876755,0.024013028,-0.001592664,0.000468939,0.953309292
0.931368853,0.024310434,-0.001907207,0.000253686,0.953027078
0.930878403,0.024627213,-0.002168926,-9.29E-06,0.953309292
0.93038721,0.024944701,-0.002397091,-0.000290137,0.953309292
0.929882541,0.02524973,-0.002605567,-0.000544206,0.953027078
0.929354672,0.025532292,-0.002804226,-0.000712376,0.952933296
0.928798663,0.025787434,-0.002996132,-0.000725315,0.951213624
0.928232101,0.026033161,-0.003158649,-0.000501534,0.95032644
0.927671505,0.026286528,-0.003269561,-2.23E-05,0.949311206
0.927133928,0.026565043,-0.00330716,0.000638137,0.949311206
0.926628772,0.026878248,-0.003260439,0.001300109,0.95032644
0.926140161,0.027209827,-0.00314874,0.001694903,0.953526982
0.925625019,0.027515894,-0.003021896,0.001562774,0.953526982
0.92506739,0.027780133,-0.00289941,0.00084437,0.953526982
0.924469303,0.028004943,-0.002777218,-0.000277259,0.946722212
0.923908401,0.028269254,-0.002568935,-0.00136293,0.946276335
0.923387913,0.028576764,-0.002269338,-0.002089575,0.946145943
0.92289392,0.028913449,-0.001895528,-0.002277688,0.946145943
0.922430925,0.029283639,-0.001447508,-0.001875009,0.946276335
0.921998305,0.029686198,-0.000933702,-0.001006429,0.95113333
0.921545462,0.030069432,-0.000417387,9.71E-06,0.952448946
0.921065816,0.030426184,8.59E-05,0.000906898,0.953068597
0.920573942,0.030770941,0.000585535,0.00151843,0.953377332
0.920080662,0.031114524,0.001087878,0.001762117,0.953637671
0.91959355,0.031464432,0.001595432,0.001637592,0.954049096
0.919108611,0.031816379,0.002097479,0.00119893,0.954396269
0.918619378,0.032163483,0.002579936,0.000550342,0.954396269
0.918118169,0.032497598,0.003027311,-0.000172528,0.954396269
0.917597729,0.032811029,0.003425027,-0.000824547,0.954262298
0.917050909,0.03309627,0.003759716,-0.001275926,0.953931124
0.916477394,0.033352829,0.004026791,-0.00142564,0.953659358
0.915877699,0.033581189,0.004224215,-0.001231227,0.953481325
0.915256536,0.033786173,0.004355904,-0.000717144,0.953468059
0.91461782,0.033971892,0.00442619,1.80E-05,0.953468059
0.913969474,0.034146533,0.004444513,0.000823146,0.953413594
0.913317896,0.034316727,0.00441899,0.001514217,0.953413594
0.912666951,0.034486442,0.004354614,0.001909281,0.953838973
0.912004931,0.034643819,0.00423926,0.001856658,0.953838973
0.911320756,0.034777581,0.004061548,0.001309642,0.9534472
0.910590928,0.034864049,0.003798379,0.00034213,0.9534472
0.909801305,0.034889461,0.003441056,-0.000805706,0.945296736
0.909033469,0.034936945,0.003085944,-0.001677586,0.944221499
0.908293649,0.035013591,0.002749034,-0.00200493,0.941934488
0.907588423,0.035126413,0.002443193,-0.001703974,0.941934488
0.90691506,0.035272716,0.002168583,-0.000904421,0.941934488
0.906261803,0.035440333,0.001912608,9.07E-05,0.945209495
0.905585118,0.035584922,0.001627734,0.00088434,0.945209495
0.904872342,0.035693437,0.001300649,0.001215988,0.945209495
0.904127036,0.035769651,0.000939093,0.001036229,0.939998341
0.903405614,0.03587081,0.000608474,0.000545212,0.9392995
0.90270687,0.035995849,0.000311259,-5.98E-05,0.93851584
0.902012622,0.036126192,2.86E-05,-0.000603915,0.93851584
0.901298356,0.036236724,-0.000266366,-0.000952664,0.93851584
0.900542032,0.036304934,-0.000596862,-0.001016317,0.93687172
0.89974908,0.036336252,-0.000954791,-0.000729465,0.936697974
0.898909838,0.03632116,-0.001345649,-0.000132031,0.936090432
0.898025392,0.036261287,-0.001760798,0.00067173,0.934120524
0.89712086,0.036182827,-0.002163305,0.001548652,0.932031415
0.896225854,0.036116613,-0.00251072,0.00231514,0.930853181
0.895352238,0.036075418,-0.002781145,0.002727721,0.930853181
0.894485081,0.036044756,-0.002983609,0.002535254,0.930853181
0.893609104,0.036009797,-0.003128101,0.001619531,0.92669221
0.892747723,0.03599482,-0.003183521,0.000113486,0.92669221
0.891879367,0.035978967,-0.003165604,-0.001718821,0.91968153
0.891066548,0.036026282,-0.003000904,-0.00335925,0.916200467
0.890339211,0.036167786,-0.002653374,-0.004352404,0.915352194
0.88969233,0.036398671,-0.002130251,-0.004455149,0.915352194
0.889126949,0.036719728,-0.001438158,-0.003637807,0.916200467
0.888641537,0.037128556,-0.000592715,-0.002107606,0.922382219
0.888169994,0.037557191,0.000316926,-0.000331373,0.927456446
0.887672051,0.037963774,0.001228711,0.001251689,0.927456446
0.887178276,0.038378227,0.002158223,0.002417889,0.929750652
0.88669298,0.038804115,0.00309386,0.003036721,0.931013249
0.886211081,0.03923533,0.004012469,0.003077401,0.934403842
0.885696789,0.039634734,0.004857954,0.002572172,0.934403842
0.885145968,0.039997216,0.005609303,0.001696889,0.934403842
0.884554501,0.040317894,0.006248012,0.000682345,0.93427436
0.883914008,0.040587771,0.006753545,-0.000251162,0.933009083
0.883230121,0.040812147,0.007122805,-0.000916803,0.93265568
0.882496907,0.040984808,0.007342893,-0.001233659,0.932360628
0.881706933,0.041098173,0.007401878,-0.001216136,0.932006057
0.880855382,0.041147532,0.007293975,-0.000940736,0.932006057
0.879927241,0.04111827,0.007007049,-0.000523081,0.931751026
0.878935376,0.041024606,0.006565687,-9.65E-06,0.92124873
0.87802452,0.041013939,0.006137265,0.00073051,0.92124873
0.877195588,0.041087848,0.005730496,0.001487164,0.926461959
0.876354801,0.041151418,0.005245764,0.00181857,0.926461959
0.875472938,0.041174664,0.004651318,0.001477214,0.926461959
0.874512294,0.041119457,0.003910557,0.00043969,0.926461959
0.873441768,0.040955253,0.003002254,-0.001014575,0.91580632
0.872374673,0.04079809,0.002067125,-0.00218839,0.90743745
0.871410078,0.040749742,0.001231699,-0.00247349,0.904795685
0.870555279,0.040818428,0.000516506,-0.001736345,0.90743745
0.86976212,0.040955425,-0.000125743,-0.000316223,0.90743745
0.869006967,0.041136018,-0.00072259,0.001215815,0.914075953
0.868197002,0.041265629,-0.00137613,0.002152633,0.914075953
0.867301041,0.041312317,-0.002118883,0.002103159,0.914075953
0.866322388,0.041280143,-0.002936665,0.0011275,0.900965449
0.865410847,0.041321493,-0.003654658,-0.00017308,0.899127216
0.864576892,0.041447951,-0.00424902,-0.001318519,0.89714929
0.863803219,0.041642212,-0.004733158,-0.001983087,0.896474975
0.8630734,0.041887381,-0.005124239,-0.002021858,0.896474975
0.862366103,0.042161317,-0.005447751,-0.001499017,0.897519716
0.861661779,0.042443603,-0.005728495,-0.000633937,0.897519716
0.86095474,0.04272778,-0.005977018,0.000292071,0.899546143
0.860219643,0.042987677,-0.006224084,0.000981297,0.899546143
0.859448377,0.043214704,-0.006480475,0.001263215,0.899546143
0.858642192,0.043410115,-0.006743731,0.001137745,0.895450738
0.857843702,0.043617066,-0.006965839,0.000792196,0.895318459
0.857048687,0.043831476,-0.007148719,0.00039245,0.892920845
0.856269915,0.044066173,-0.007278162,9.99E-05,0.892920845
0.855494942,0.044308388,-0.007368324,-3.46E-05,0.892920845
0.854707237,0.044541087,-0.007438975,-4.86E-05,0.89295453
0.853894351,0.044751396,-0.007505188,-2.10E-05,0.89295453
0.853041667,0.044924431,-0.007582838,-3.74E-05,0.89295453
0.852144827,0.045056049,-0.007673577,-0.000122693,0.88833422
0.851259229,0.045202627,-0.00771338,-0.000171089,0.887399
0.850394088,0.045373883,-0.007688144,-0.000154076,0.887399
0.849537485,0.045557898,-0.007609052,-0.000111351,0.887399
0.848677969,0.045743071,-0.007488293,-9.50E-05,0.887406196
0.84780558,0.045919289,-0.00733681,-0.000138625,0.887406196
0.846906811,0.046072975,-0.007168555,-0.000242057,0.887406196
0.845977315,0.046200091,-0.006985481,-0.000340868,0.883976244
0.845056762,0.046341235,-0.006740942,-0.000285852,0.883276474
0.844158056,0.046510038,-0.006416975,-1.52E-05,0.882334957
0.843293069,0.046718868,-0.005999007,0.000435401,0.882334957
0.84246561,0.046971671,-0.005484072,0.000919978,0.883976244
0.841653255,0.047245656,-0.004900025,0.001200987,0.885511069
0.840835484,0.047519865,-0.004273924,0.001081171,0.885511069
0.840006877,0.047788706,-0.003616134,0.000508439,0.885511069
0.839164206,0.048049057,-0.002932985,-0.000405187,0.883201135
0.838332386,0.048326408,-0.002199398,-0.0013717,0.880859822
0.83753984,0.048649813,-0.001386895,-0.002056951,0.880470652
0.83679064,0.049023559,-0.000495201,-0.002233989,0.880470652
0.836091819,0.049454627,0.000476047,-0.001818736,0.880859822
0.835454711,0.049953963,0.001528086,-0.000901642,0.883501233
0.834857705,0.050498764,0.002622366,0.000213139,0.890153781
0.834230451,0.051016869,0.003666584,0.001096408,0.891367975
0.83357329,0.051507653,0.004645686,0.001520478,0.891983358
0.832899414,0.051983844,0.005561784,0.001448197,0.892171363
0.832217556,0.052453793,0.006413733,0.000989941,0.892188884
0.831530446,0.052919783,0.007194442,0.000348392,0.892410525
0.830832659,0.053375792,0.007888194,-0.000254849,0.892796313
0.830115006,0.053811971,0.008475783,-0.000636723,0.892796313
0.829372319,0.054222512,0.008943158,-0.000691136,0.894224806
0.828583128,0.054585276,0.009260834,-0.000437465,0.894461452
0.827743728,0.054896255,0.009421233,4.50E-05,0.894224806
0.826861026,0.05516245,0.009431787,0.000635406,0.89366468
0.825942927,0.055392089,0.009304032,0.00118241,0.89366468
0.824993883,0.055590147,0.009048838,0.001536396,0.889807104
0.824061403,0.055805035,0.008723952,0.001637847,0.889807104
0.823134601,0.056026034,0.008323933,0.001372593,0.889807104
0.82218835,0.056227777,0.007826698,0.000674731,0.889277534
0.821188126,0.056375512,0.007201691,-0.000402644,0.889277534
0.820111412,0.05644727,0.0064373,-0.001613394,0.878596401
0.819072354,0.056559462,0.005672333,-0.002412642,0.874849782
0.818109476,0.056752081,0.004964042,-0.002472512,0.874416137
0.817201913,0.057004484,0.004300318,-0.001802985,0.874416137
0.816341052,0.057307855,0.003677408,-0.000635114,0.874416137
0.815512736,0.057647368,0.003081973,0.000631315,0.878727779
0.8146563,0.057961157,0.002449876,0.001509842,0.878727779
0.813749539,0.058226417,0.001760101,0.001722205,0.878727779
0.812794942,0.058445994,0.001023999,0.001288986,0.870256435
0.811884775,0.058713635,0.000351269,0.00057498,0.869415461
0.811022095,0.059032964,-0.000244924,-0.000127084,0.866724084
0.810209339,0.059406406,-0.000757191,-0.000595732,0.866724084
0.809427594,0.059814478,-0.00120456,-0.000761912,0.866724084
0.808654601,0.060234056,-0.001612284,-0.000684402,0.866724084
0.80787376,0.060647625,-0.002000757,-0.000491725,0.86910187
0.807032433,0.061001513,-0.002427355,-0.000367624,0.86910187
0.806127766,0.061292899,-0.002891327,-0.000333822,0.862286359
0.805243577,0.061606883,-0.003295684,-0.000204526,0.862286359
0.804383387,0.061947574,-0.003629224,7.01E-05,0.861486536
0.803544689,0.062312694,-0.003890158,0.000457277,0.861120025
0.802731118,0.062706006,-0.004071979,0.000868286,0.861120025
0.801935563,0.063120335,-0.004181129,0.001157042,0.861120025
0.80116609,0.063563782,-0.004208872,0.001204439,0.857530598
0.800456093,0.064069652,-0.004122923,0.000952791,0.863855802
0.799707024,0.064537979,-0.004033637,0.000222467,0.863855802
0.798904579,0.064954221,-0.003958487,-0.000861334,0.855084215
0.798161024,0.065432046,-0.003776231,-0.001824914,0.855043006
0.797476984,0.065972384,-0.003486259,-0.002371345,0.855043006
0.796842117,0.066564571,-0.003104676,-0.002351052,0.855043006
0.79626559,0.067217325,-0.002630057,-0.001746641,0.855084215
0.795756145,0.067938465,-0.00206591,-0.000718703,0.860960113
0.79525023,0.068662507,-0.001496333,0.000343272,0.864023096
0.79472067,0.069360634,-0.00096702,0.00111545,0.86498824
0.794173083,0.07003741,-0.000486088,0.001447603,0.865917693
0.793610211,0.070694711,-6.26E-05,0.001338523,0.866099922
0.793034101,0.071333777,0.000294799,0.000916121,0.866347329
0.792441672,0.071950688,0.00057283,0.00037742,0.866456516
0.791825215,0.072536864,0.000754249,-7.66E-05,0.866492941
0.791178936,0.073085704,0.000825231,-0.000291543,0.866667348
0.790494024,0.073587658,0.000770677,-0.000208785,0.866724501
0.789767154,0.074038841,0.000583669,0.00013396,0.866870644
0.788991572,0.074432078,0.00025637,0.000605734,0.866870644
0.78816454,0.074764445,-0.000211745,0.001036083,0.866870644
0.787270489,0.075020385,-0.000830951,0.001250346,0.866776603
0.786315022,0.075206305,-0.00158282,0.001189012,0.857370053
0.785410972,0.075436979,-0.002332,0.001016403,0.857370053
0.784551455,0.075706042,-0.003073167,0.000701478,0.857370053
0.783699452,0.075976058,-0.003838039,0.000145327,0.857110769
0.782822846,0.076214398,-0.004653848,-0.000680354,0.857110769
0.781887134,0.076386437,-0.005546637,-0.001671134,0.851123666
0.780952461,0.076553618,-0.006436515,-0.002451581,0.844085856
0.780093002,0.076791631,-0.007227912,-0.002635416,0.843738592
0.779302071,0.077094082,-0.007915939,-0.002126631,0.84319729
0.778568756,0.077449682,-0.00850593,-0.001056197,0.843738592
0.777893941,0.077858589,-0.008994933,0.000284451,0.843738592
0.777262594,0.078304282,-0.009402501,0.001472763,0.852180906
0.776560044,0.078669533,-0.009856126,0.001990123,0.852180906
0.775751787,0.078918483,-0.010393614,0.001684577,0.852180906
0.774849246,0.079062932,-0.010992812,0.000816156,0.839051208
0.774007862,0.079260509,-0.01147345,4.52E-05,0.839051208
0.773227892,0.079511983,-0.011823447,-0.000282649,0.838670515
0.772482032,0.079789467,-0.012067549,-0.000110206,0.839051208
0.771758964,0.080080752,-0.012217609,0.000407382,0.839921549
0.771026196,0.080351937,-0.012311164,0.000918814,0.844673602
0.770211757,0.080529367,-0.012427389,0.001008686,0.844673602
0.769282522,0.080579189,-0.01259893,0.000498161,0.844673602
0.768246958,0.080510817,-0.01280344,-0.000435235,0.8307252
0.767274357,0.080496515,-0.012842298,-0.001189541,0.830364071
0.766374253,0.080547117,-0.012690113,-0.00145739,0.829991588
0.765525702,0.080641841,-0.012362115,-0.001185259,0.829991588
0.764732703,0.080784601,-0.01185207,-0.000484998,0.829991588
0.763987896,0.080967362,-0.011171146,0.000350467,0.836014186
0.763218929,0.081116332,-0.010402598,0.00088726,0.836014186
0.76242185,0.08122689,-0.009556317,0.000909369,0.836014186
0.761606956,0.081309245,-0.008624201,0.00043078,0.834676394
0.760791465,0.081380832,-0.007589631,-0.000334305,0.833069015
0.759997121,0.081463697,-0.006431702,-0.001058209,0.832604828
0.759228999,0.081562957,-0.005149217,-0.00144714,0.832604828
0.758491456,0.081682817,-0.003744327,-0.001318755,0.833002368
0.757798891,0.081837379,-0.002211448,-0.000651809,0.833069015
0.757160022,0.082034462,-0.000556462,0.000358247,0.842321162
0.75647207,0.082169153,0.001093033,0.001225599,0.843410519
0.755732973,0.082238341,0.00271813,0.001662554,0.843994447
0.754961085,0.082260085,0.004326112,0.001575983,0.844014356
0.754170212,0.082248071,0.00592121,0.001032954,0.844041609
0.753364242,0.082206026,0.007497486,0.000217626,0.844156414
0.752541541,0.082132092,0.009043105,-0.000621194,0.844041609
0.75169816,0.082022097,0.010544053,-0.001234076,0.844198426
0.75083352,0.081875335,0.011990673,-0.001429233,0.844198426
0.749948024,0.081692198,0.013375427,-0.001129134,0.844198426
0.749064068,0.081495312,0.014714874,-0.000369039,0.842897738
0.748190796,0.081293623,0.016009282,0.000633736,0.853208746
0.747217355,0.080975239,0.017133051,0.001422348,0.845544029
0.746245126,0.080642727,0.018190258,0.001921056,0.845544029
0.745306535,0.080329303,0.019213488,0.002032119,0.845544029
0.744378807,0.080011876,0.020171872,0.001624337,0.850566584
0.743385259,0.079612912,0.020976961,0.000620711,0.845544029
0.742363315,0.079170279,0.021664851,-0.000694289,0.843645695
0.74131457,0.078686081,0.022237069,-0.001953139,0.843645695
0.740215789,0.078137726,0.022672028,-0.00279054,0.835778664
0.739152481,0.077612582,0.02306649,-0.002765997,0.834533616
0.73814061,0.077127801,0.023442599,-0.001785363,0.834268486
0.737181012,0.076684819,0.023802484,-9.41E-05,0.834268486
0.736288435,0.076298715,0.024159565,0.001826052,0.834533616
0.735462074,0.075968292,0.024505639,0.003334944,0.840512089
0.734622853,0.075613053,0.024746099,0.003752112,0.840512089
0.733741427,0.0752028,0.024840564,0.002790239,0.840512089
0.732803443,0.074723334,0.024771933,0.000658147,0.829208837
0.731926516,0.074294116,0.024668333,-0.001844002,0.823294961
0.731158967,0.073964494,0.024582271,-0.003898261,0.821017365
0.730485355,0.073718575,0.02449059,-0.004944928,0.820459681
0.729877133,0.073526491,0.024349815,-0.004750256,0.820459681
0.729322782,0.073375033,0.024130435,-0.003401633,0.821017365
0.728799003,0.073238543,0.023786293,-0.00131768,0.829584308
0.728193629,0.073001583,0.023176377,0.000793877,0.829584308
0.72749639,0.072651867,0.022272929,0.002445418,0.829584308
0.726705604,0.07218645,0.021064966,0.003375463,0.829584308
0.725791531,0.071574642,0.019518573,0.003528293,0.827025983
0.724757237,0.070819578,0.01764337,0.003129536,0.819386273
0.723650218,0.06996986,0.015504104,0.002588802,0.815654361
0.722486179,0.069042514,0.013137873,0.00222239,0.803625791
0.721360413,0.06813462,0.010666711,0.002248799,0.803625791
0.720220404,0.067193635,0.008052515,0.002377682,0.800576487
0.719019554,0.066172403,0.005260445,0.002146459,0.800576487
0.717654215,0.064966575,0.002199474,0.001088124,0.800576487
0.716051196,0.063504338,-0.001172737,-0.000844985,0.774042271
0.714485679,0.062066982,-0.004512358,-0.002779511,0.761813995
0.713060779,0.060762432,-0.00765724,-0.004025886,0.75599812
0.71176516,0.059581883,-0.01057844,-0.004303682,0.747950666
0.710631062,0.058559344,-0.013211622,-0.00358493,0.744962455
0.709641646,0.05767829,-0.015555198,-0.002216308,0.744962455
0.708743754,0.056884696,-0.017655602,-0.000774404,0.744962455
0.707896898,0.056136971,-0.019550721,0.000222586,0.74155251
0.707109633,0.055442916,-0.021228772,0.000541932,0.739700031
0.706359846,0.054779265,-0.022713415,0.000180187,0.739700031
0.705603247,0.054100434,-0.024053068,-0.000626161,0.733256654
0.704869951,0.053436025,-0.025217036,-0.001347336,0.731697797
0.704150301,0.052775707,-0.026216772,-0.001508483,0.726374375
0.703475827,0.052150479,-0.02702267,-0.000775329,0.726374375
0.702837595,0.051550161,-0.027652153,0.000786883,0.726374375
0.702200992,0.050937957,-0.028156336,0.002708998,0.735925082
0.701424447,0.050169184,-0.028700453,0.004183534,0.735925082
0.700463648,0.049198162,-0.029338378,0.004665778,0.735925082
0.699324592,0.048031938,-0.030053768,0.00404347,0.717998842
0.698221071,0.046888242,-0.030599707,0.002824502,0.713803491
0.69718603,0.045802186,-0.030923785,0.001327999,0.712646067
0.696171451,0.044726229,-0.031068407,-0.000309854,0.708939922
0.695165686,0.043649147,-0.031041184,-0.001928011,0.706734349
0.694150402,0.04255307,-0.030857077,-0.003364507,0.701655263
0.693148265,0.041461648,-0.030487087,-0.004379782,0.698766002
0.692168625,0.040385243,-0.029916469,-0.00476977,0.69595331
0.69122887,0.039342335,-0.029123199,-0.004386355,0.693456301
0.690359121,0.038364131,-0.02807423,-0.003186904,0.693456301
0.689571247,0.037463141,-0.026760084,-0.001326617,0.693456301
0.688891421,0.036665748,-0.025162359,0.000880138,0.69615167
0.688299261,0.035950603,-0.023320313,0.002910895,0.705466829
0.687695205,0.035216122,-0.021362047,0.004139197,0.705466829
0.687092163,0.034474361,-0.019295433,0.00431114,0.705466829
0.686512168,0.033746924,-0.017116677,0.003466333,0.705532742
0.68595293,0.033030823,-0.014848965,0.001843379,0.705437925
0.685405759,0.032316458,-0.012523947,-0.000164263,0.705437925
0.684850995,0.031583085,-0.010185716,-0.00210357,0.705532742
0.684271906,0.030812988,-0.007874496,-0.003534675,0.705532742
0.683658038,0.029995025,-0.005621445,-0.004114892,0.705303079
0.683020709,0.029140333,-0.003431394,-0.003654257,0.705303079
0.682379409,0.028268518,-0.001297958,-0.00219546,0.705303079
0.681782902,0.027428609,0.00081628,-8.08E-06,0.705303079
0.681245786,0.026634342,0.002906472,0.002329381,0.720934739
0.680589578,0.025704311,0.004760102,0.003888383,0.720934739
0.679806396,0.024629754,0.006352542,0.004245078,0.720934739
0.678923034,0.023438285,0.007709185,0.003455351,0.713701352
0.678027553,0.022220033,0.00892826,0.002008156,0.709278906
0.677172525,0.021029377,0.010071933,0.000472627,0.705742391
0.676370524,0.01987975,0.011155931,-0.00073046,0.705742391
0.675593141,0.018742668,0.012148487,-0.001441099,0.704823599
0.674819046,0.017596454,0.013023454,-0.001692273,0.704823599
0.674026994,0.016419474,0.013755401,-0.001651256,0.704823599
0.673189467,0.015183951,0.014314716,-0.001528424,0.704823599
0.672291891,0.013875694,0.014690984,-0.001438243,0.699550738
0.671390498,0.012552496,0.014954742,-0.001274242,0.69510525
0.670537033,0.01126777,0.015173621,-0.000890424,0.693339885
0.669738387,0.010029347,0.015365049,-0.000260694,0.692338008
0.668993255,0.008836358,0.015534336,0.000534395,0.691091256
0.66830266,0.007689918,0.015686255,0.001329855,0.691091256
0.667651845,0.006574907,0.015806063,0.001888026,0.691091256
0.667020046,0.005469919,0.015870819,0.001985432,0.690276908
0.666388166,0.004355169,0.015858952,0.001505446,0.690276908
0.665722915,0.003196796,0.015735942,0.000482544,0.685603673
0.66505146,0.002022303,0.015535064,-0.000777634,0.680044944
0.664411567,0.000870072,0.015302587,-0.00186391,0.677558793
0.66379702,-0.000266042,0.015036721,-0.002475969,0.67550563
0.663199561,-0.001394404,0.014732178,-0.002446904,0.672361202
0.662633729,-0.00250049,0.014407016,-0.00175023,0.672044938
0.66208794,-0.003596238,0.014050495,-0.000580194,0.670760953
0.661565714,-0.00467852,0.013666493,0.00075322,0.670760953
0.661055897,-0.005759154,0.013242124,0.001866091,0.670760953
0.660540588,-0.006856897,0.01275633,0.002417424,0.670760953
0.659988691,-0.008003765,0.012174728,0.002209553,0.669710014
0.659381856,-0.009218553,0.011479847,0.00130363,0.663933117
0.658749257,-0.010471708,0.010708695,5.46E-05,0.660895971
0.658091405,-0.011762212,0.009871121,-0.001109408,0.654017806
0.657451667,-0.013045724,0.00902364,-0.001734097,0.649941152
0.656845346,-0.014306341,0.008191797,-0.001595525,0.648728623
0.656254506,-0.015561942,0.007363457,-0.000784459,0.645769394
0.655691136,-0.016800431,0.00655643,0.000416437,0.645326328
0.655141933,-0.018035356,0.005760177,0.001546062,0.644569893
0.654589825,-0.019284192,0.004958901,0.002140857,0.644043618
0.654012793,-0.02056926,0.004132513,0.001899489,0.640206739
0.653421642,-0.021879492,0.003297966,0.000846783,0.636132679
0.652828533,-0.023202131,0.002476019,-0.000706468,0.629484014
0.652272426,-0.024497314,0.001716182,-0.002230387,0.624631882
0.651767938,-0.025749919,0.001039924,-0.003221475,0.621954375
0.651304686,-0.026970367,0.000438709,-0.003361212,0.619589048
0.650881639,-0.028159856,-8.85E-05,-0.00255488,0.617256517
0.650514679,-0.029302731,-0.000527369,-0.000956396,0.617256517
0.65019891,-0.030404607,-0.000888764,0.001002462,0.617256517
0.649943025,-0.031457886,-0.001173821,0.002763157,0.616526426
0.649728218,-0.032483595,-0.001420272,0.003715357,0.630345023
0.649324374,-0.033715972,-0.001891174,0.003179848,0.630345023
0.648696128,-0.035191104,-0.002627425,0.001329621,0.608557771
0.648108128,-0.036640699,-0.003335125,-0.00071207,0.603283819
0.647598652,-0.038024862,-0.003961486,-0.002112421,0.603283819
0.647106241,-0.03940539,-0.004568541,-0.002486272,0.599404139
0.646634786,-0.040778661,-0.005152751,-0.001738045,0.599404139
0.646158955,-0.042170675,-0.005742788,-0.000194781,0.599404139
0.645665063,-0.043595739,-0.006355216,0.00156424,0.597006456
0.645163613,-0.045043916,-0.006981561,0.002902777,0.602065673
0.644551688,-0.046619536,-0.00773244,0.003151746,0.602065673
0.643795769,-0.048355947,-0.008635824,0.002142011,0.587526888
0.643056418,-0.050089655,-0.009503592,0.000443121,0.579258043
0.642397078,-0.051755234,-0.010251686,-0.001312138,0.579258043
0.641747634,-0.053422764,-0.010944804,-0.002717294,0.574662645
0.641101112,-0.055098937,-0.011583172,-0.003388752,0.570187466
0.640475451,-0.056765198,-0.012139958,-0.003095011,0.566384202
0.639888648,-0.05840307,-0.012589903,-0.00187597,0.566384202
0.639319424,-0.060033929,-0.012952051,-9.92E-05,0.565971317
0.638760468,-0.061665205,-0.013232323,0.001721463,0.564755408
0.638217812,-0.063290932,-0.013423433,0.003071317,0.564479284
0.637678927,-0.064923983,-0.013539317,0.003526417,0.564479284
0.637108926,-0.066599778,-0.013618022,0.002878463,0.56226006
0.636504262,-0.068321775,-0.013661739,0.001298937,0.554161354
0.63592185,-0.070032238,-0.013606846,-0.000672698,0.551499621
0.635350934,-0.071741779,-0.013462932,-0.002484555,0.547330014
0.634783759,-0.07345828,-0.013239196,-0.003634932,0.545800443
0.634198558,-0.075203806,-0.012960521,-0.003813539,0.543352847
0.633589673,-0.076984123,-0.012634537,-0.002934749,0.543352847
0.632942215,-0.078814107,-0.01227724,-0.001190975,0.54266833
0.632257463,-0.080692058,-0.011885408,0.001028315,0.542265695
0.631544875,-0.082607724,-0.01144488,0.003214547,0.542265695
0.630805404,-0.084559145,-0.010948515,0.004831939,0.540797898
0.630060674,-0.086523174,-0.010364996,0.005488133,0.536181144
0.629366915,-0.088441585,-0.009625609,0.0050354,0.53106886
0.628775062,-0.090261819,-0.008671149,0.003516357,0.528507741
0.628279623,-0.091988979,-0.00751004,0.001069709,0.526659969
0.62785163,-0.093652579,-0.006183172,-0.002011567,0.524214344
0.627461878,-0.095282785,-0.004736423,-0.005238803,0.521567707
0.627088221,-0.096902781,-0.003210413,-0.007965252,0.519771168
0.62670385,-0.098540361,-0.001650774,-0.009514593,0.517788559
0.626312518,-0.100192218,-6.89E-05,-0.009286047,0.515629472
0.625943304,-0.101829289,0.001551896,-0.00695491,0.515629472
0.625649054,-0.103398733,0.003251875,-0.002652862,0.515629472
0.625456987,-0.104874746,0.005034175,0.002852119,0.536452692
0.625147766,-0.106480964,0.006633572,0.008010375,0.540667677
0.624690028,-0.108251094,0.007988848,0.011573166,0.542794317
0.624104341,-0.110165252,0.009105553,0.012762809,0.542794317
0.623373213,-0.112241204,0.009956854,0.011294112,0.542794317
0.622464472,-0.114510521,0.010510634,0.00749138,0.529031621
0.621483556,-0.116865045,0.010890907,0.002419457,0.519257316
0.620481671,-0.11925092,0.011168814,-0.002698724,0.510053905
0.619470881,-0.121654096,0.011372399,-0.006800684,0.503679443
0.618439982,-0.124084254,0.01150359,-0.009181477,0.498539632
0.617376672,-0.126552204,0.011563522,-0.009562364,0.494164978
0.616292138,-0.129044841,0.011580382,-0.008051615,0.490861599
0.61521056,-0.13153571,0.011598133,-0.005093112,0.488065675
0.614171814,-0.133982498,0.01167724,-0.001355699,0.487755837
0.613190045,-0.13636905,0.011848292,0.0023446,0.487562936
0.612283552,-0.138675366,0.012142311,0.005252949,0.485896791
0.611471258,-0.140881334,0.012585375,0.006812022,0.487383456
0.610721669,-0.14301822,0.013144039,0.006695147,0.48493207
0.61001662,-0.145104283,0.013794093,0.004968548,0.484905646
0.609304763,-0.147191173,0.014475212,0.002034895,0.477457704
0.608617882,-0.14924641,0.015216665,-0.001287408,0.469478115
0.608006718,-0.151218319,0.01606727,-0.004082825,0.464859863
0.607469483,-0.153108732,0.017014481,-0.005714436,0.464859863
0.606955376,-0.15496948,0.017988003,-0.005965058,0.464859863
0.606428742,-0.156837254,0.018931742,-0.004939434,0.465157266
0.60587675,-0.1587255,0.019815386,-0.002970615,0.465247681
0.60530367,-0.160630123,0.020629048,-0.000525633,0.465632125
0.604714257,-0.162546387,0.021364722,0.001875427,0.467252911
0.604094675,-0.164488203,0.021995747,0.003741789,0.467252911
0.603436939,-0.166463417,0.022503454,0.004748859,0.467252911
0.602736757,-0.16847573,0.022876977,0.004802603,0.459924359
0.602066735,-0.170451124,0.02318912,0.004116213,0.457719217
0.601426828,-0.172389075,0.023433945,0.002884772,0.454495547
0.600804564,-0.174302145,0.023588304,0.001295554,0.452167337
0.600166084,-0.176224823,0.023604021,-0.000494261,0.452167337
0.599432849,-0.178236556,0.023387161,-0.002352532,0.448881294
0.598596271,-0.180345341,0.02292664,-0.003937937,0.434149132
0.597796218,-0.18240889,0.022375107,-0.004672642,0.433439139
0.596995674,-0.184463538,0.021696226,-0.00441222,0.433439139
0.596134798,-0.186568943,0.020827937,-0.003268571,0.42954908
0.595231789,-0.188705608,0.019795839,-0.001391096,0.424722615
0.594335223,-0.190822966,0.018662167,0.000975486,0.421157663
0.593480196,-0.192884107,0.017474949,0.003417396,0.418255036
0.592689067,-0.194865519,0.01626465,0.005390216,0.418255036
0.591910905,-0.196818317,0.014978363,0.006247368,0.422990603
0.591033033,-0.198855817,0.01349861,0.005493329,0.412980618
0.590109356,-0.200922566,0.011892065,0.003314649,0.405710495
0.589176011,-0.202980167,0.010213974,0.000287045,0.392908825
0.588309386,-0.204949606,0.008562899,-0.002744565,0.385182841
0.587524366,-0.206814377,0.006967969,-0.005062907,0.380163587
0.586787994,-0.208606932,0.005401368,-0.006243948,0.377621585
0.586055475,-0.210371899,0.003820396,-0.006154407,0.373588396
0.585324243,-0.212111074,0.002228931,-0.004850475,0.369202988
0.584626009,-0.213791325,0.00066985,-0.002561918,0.364477232
0.584020331,-0.215351507,-0.000785417,0.000311269,0.36206249
0.58351244,-0.216786052,-0.002130153,0.003108667,0.371647554
0.582966535,-0.218231968,-0.003511061,0.004968887,0.364172054
0.582444393,-0.219626808,-0.004863344,0.00556938,0.36306756
0.581943981,-0.220972021,-0.006186759,0.004836498,0.357659199
0.581484602,-0.222247603,-0.00745911,0.003034561,0.351399212
0.581093058,-0.22342614,-0.008651821,0.000660027,0.346830119
0.580760118,-0.224517,-0.009778511,-0.001766422,0.343292019
0.580457113,-0.225549574,-0.010877072,-0.003789453,0.341019634
0.580144293,-0.226564559,-0.011998159,-0.005071486,0.3384916
0.579799243,-0.227584921,-0.013171641,-0.005380166,0.33509712
0.579428686,-0.228603809,-0.01439232,-0.004599993,0.332839779
0.579048372,-0.22960483,-0.01564125,-0.002795397,0.328362913
0.578718493,-0.230526713,-0.01685118,-0.000194972,0.327987057
0.57844789,-0.23136043,-0.018012711,0.002659564,0.331475176
0.578187265,-0.232156244,-0.019183023,0.005005681,0.334948036
0.577867173,-0.232984899,-0.020441271,0.00613999,0.336330649
0.577454341,-0.23388006,-0.021822181,0.005739392,0.329399991
0.576984936,-0.234804598,-0.023279154,0.004004375,0.328692441
0.576445575,-0.235770381,-0.024809362,0.001439276,0.310172283
0.576009828,-0.236600594,-0.026209124,-0.001014671,0.309652217
0.575641174,-0.237330825,-0.027502237,-0.002854543,0.306541328
0.575298699,-0.238001979,-0.028724201,-0.003860323,0.305349969
0.574952635,-0.238643782,-0.029899113,-0.004032353,0.303178644
0.574595587,-0.239263129,-0.031025073,-0.003507778,0.300638593
0.574246096,-0.239840383,-0.032069528,-0.002479749,0.29806155
0.573942011,-0.240336228,-0.032977929,-0.001158019,0.294005791
0.573726922,-0.240705937,-0.033693035,0.000219646,0.300956784
0.573506426,-0.241044239,-0.034307318,0.001235896,0.299135588
0.573295973,-0.24133485,-0.034795235,0.001778542,0.29523983
0.573162423,-0.241509163,-0.035073606,0.001974108,0.291703632
