Last_Column_Actual,Summed_Predictions,Difference
1.006849932,0.99906975,0.007780181691009469
1.006849932,0.9935021,0.013347851559478707
1.007340925,0.9935021,0.013838844559478813
1.012599837,0.99397737,0.018622469122039798
1.009706976,0.99906975,0.010637225691009444
1.009706976,0.9962685,0.013438465181518477
1.011387568,0.9962685,0.015119057181518514
1.011387568,0.9978959,0.013491671565216024
1.009706976,0.9978959,0.011811079565215987
1.011387568,0.9962685,0.015119057181518514
1.018596062,0.9978959,0.020700165565216144
1.021414474,1.004876,0.016538456429504356
1.021933345,1.0076051,0.014328269163818463
1.022397264,1.0081075,0.0142897210083619
1.022397264,1.0085567,0.013840540405334556
1.022825317,1.0085567,0.014268593405334373
1.023446199,1.0089713,0.014474865496276745
1.023446199,1.0095724,0.013873812258361706
1.024072121,1.0095724,0.014499734258361707
1.024334313,1.0101784,0.01415586623028564
1.02453203,1.0104324,0.014099667443542518
1.024587122,1.0106238,0.013963309324523943
1.024711786,1.0106772,0.014034567562805078
1.024711786,1.010798,0.013913808552490137
1.024765377,1.010798,0.013967399552490267
1.024857315,1.01085,0.014007362302246085
1.024857315,1.0109389,0.013918432172241202
1.024765377,1.0109389,0.013826494172241244
1.022440449,1.01085,0.011590496302246178
1.01207538,1.0085986,0.0034768139447021174
1.010942915,0.99856186,0.012381055869140623
1.010178138,0.99746525,0.012712885123718154
1.010178138,0.99672484,0.013453294021118056
1.010178138,0.99672484,0.013453294021118056
1.008226561,0.99672484,0.01150171702111824
1.009128074,0.994835,0.01429305488836663
1.009128074,0.9957079,0.013420144865631034
1.008226561,0.9957079,0.01251863186563118
1.008226561,0.994835,0.013391541888366776
1.009128074,0.994835,0.01429305488836663
1.00776031,0.9957079,0.012052380865631207
1.006201473,0.9943835,0.01181795907254024
1.006201473,0.99287415,0.013327327492187457
1.003754312,0.99287415,0.010880166492187593
1.00198799,0.9905043,0.011483665563812195
1.00198799,0.9887941,0.013193901636352479
1.003754312,0.9887941,0.014960223636352632
1.007606217,0.9905043,0.017101892563812227
1.007606217,0.9942342,0.013372012707702607
1.007606217,0.9942342,0.013372012707702607
1.001412106,0.9942342,0.007177901707702716
0.999401651,0.9882365,0.01116516408822632
0.999401651,0.9862897,0.013111970995880129
1.001023414,0.9862897,0.014733733995880183
1.001412106,0.98785996,0.01355214162927254
1.001023414,0.9882365,0.012786927088226374
1.001023414,0.98785996,0.013163449629272517
1.000252407,0.98785996,0.012392442629272526
0.998238052,0.98711336,0.011124695409729046
0.998238052,0.98516303,0.013075018991424603
0.997135954,0.98516303,0.011972920991424552
0.997135954,0.9840958,0.01304014215612792
1.003475822,0.9840958,0.01938001015612789
1.008191708,0.9902347,0.017957034976776143
1.008191708,0.9948013,0.01339042511730959
1.008191708,0.9948013,0.01339042511730959
0.997875933,0.9948013,0.003074650117309563
0.997875933,0.9848123,0.013063613721282952
0.997875933,0.9848123,0.013063613721282952
0.997960809,0.9848123,0.013148489721282908
0.999238066,0.98489445,0.014343611520782451
0.999515138,0.9861314,0.013383708327758814
1.001135377,0.9863995,0.01473590524020385
1.001135377,0.98796844,0.013166932175781243
1.001135377,0.98796844,0.013166932175781243
0.997439819,0.98796844,0.009471374175781255
0.99499061,0.9843899,0.01060070883880615
0.99499061,0.98201686,0.012973748561248777
0.997439819,0.98201686,0.015422957561248785
0.999948616,0.9843899,0.01555871483880611
0.999948616,0.9868192,0.013129408331695513
0.999948616,0.9868192,0.013129408331695513
0.991589593,0.9868192,0.0047703853316956035
0.99052403,0.9787199,0.011804139882354736
0.990463454,0.9776868,0.012776631585601828
0.990463454,0.9776281,0.012835342160705587
0.990463454,0.9776281,0.012835342160705587
0.997247783,0.9776281,0.01961967116070562
0.998903898,0.984204,0.014699903725860608
0.99943351,0.9858078,0.013625733548889185
0.999895012,0.98632056,0.013574456789886447
1.000784286,0.9867674,0.014016874768005394
1.001646348,0.9876285,0.014017828464935267
1.002425719,0.9884632,0.013962496019500836
1.002526293,0.989218,0.01330829640271003
1.002526293,0.9893153,0.013211021622436592
1.002559,0.9893153,0.013243728622436501
1.002822849,0.98934704,0.013475808346771201
1.002879239,0.98960245,0.01327679244390878
1.002987203,0.98965704,0.013330158589294427
1.0031602,0.9897617,0.013398489833068794
1.0031602,0.98992914,0.013231060385894722
1.0031602,0.98992914,0.013231060385894722
1.002317345,0.98992914,0.012388205385894802
0.989706446,0.9891131,0.0005933535775146659
0.988532087,0.97689426,0.011637827547180124
0.98521163,0.9757559,0.009455759657745366
0.98521163,0.972537,0.012674648894195562
0.988532087,0.972537,0.015995105894195505
0.993111152,0.9757559,0.01735528165774536
0.993111152,0.9801949,0.012916225738098142
0.993111152,0.9801949,0.012916225738098142
0.982163083,0.9801949,0.001968156738098137
0.98076238,0.9695815,0.011180895205383345
0.980676122,0.9682237,0.012452431013366683
0.980676122,0.96814,0.012536115934631331
0.980676122,0.96814,0.012536115934631331
0.991384876,0.96814,0.023244869934631374
0.992463869,0.9785214,0.013942462349456841
0.994897918,0.97956735,0.01533056904293828
0.998606914,0.981927,0.01667993636557008
0.998606914,0.98552024,0.013086670355285657
0.998606914,0.98552024,0.013086670355285657
0.987242706,0.98552024,0.0017224623552856144
0.986976045,0.9745058,0.012470262872619653
0.985701575,0.97424734,0.01145423861236572
0.985701575,0.9730119,0.01268966408462524
0.985701575,0.9730119,0.01268966408462524
0.992119116,0.9730119,0.019107205084625267
0.993027939,0.9792332,0.013794733681549043
0.993484092,0.9801143,0.013369810822479233
0.993652388,0.9805564,0.013095959567535398
0.994674976,0.98071957,0.013955409654785145
0.994833745,0.98171085,0.013122893807525626
0.994833745,0.98186475,0.012968994614715568
0.994833745,0.98186475,0.012968994614715568
0.99457265,0.98186475,0.012707899614715523
0.99412336,0.98161155,0.012511810145721447
0.993835073,0.98117614,0.012658935075805622
0.993796145,0.98089665,0.01289949325515749
0.993752099,0.9808591,0.012892998181366022
0.993675723,0.9808162,0.012859537525604203
0.993660095,0.98074216,0.012917938494415249
0.993615985,0.9807271,0.012888908469543492
0.991461679,0.9806843,0.010777398604492228
0.979694274,0.9785959,0.001098361543487525
0.975418457,0.96718824,0.008230217902404746
0.975325287,0.9630433,0.01228201450473021
0.975325287,0.96295285,0.012372434750854477
0.975325287,0.96295285,0.012372434750854477
0.981773245,0.96295285,0.018820392750854453
0.981773245,0.96920365,0.012569594048614463
0.981773245,0.96920365,0.012569594048614463
0.970061296,0.96920365,0.0008576450486145193
0.969096938,0.9578498,0.011247137413299524
0.968816014,0.95691496,0.011901052661956735
0.968816014,0.9566426,0.012173386283935494
0.968816014,0.9566426,0.012173386283935494
0.968816014,0.9566426,0.012173386283935494
0.968816014,0.9566426,0.012173386283935494
0.968274112,0.9566426,0.011631484283935567
0.96623143,0.9561174,0.010114038413696291
0.965341501,0.95413715,0.011204354527069138
0.965341501,0.9532743,0.012067191364837693
0.96623143,0.9532743,0.012957120364837649
0.970956056,0.95413715,0.016818909527069104
0.970956056,0.9587173,0.012238769413238537
0.971840073,0.9587173,0.013122786413238496
0.973354167,0.9595742,0.013779944435302727
0.973354167,0.96104205,0.012312120453063957
0.973354167,0.96104205,0.012312120453063957
0.973354167,0.96104205,0.012312120453063957
0.970488668,0.96104205,0.009446621453063964
0.962891661,0.95826405,0.0046276081321106055
0.962487292,0.9508994,0.01158786983126836
0.962433845,0.9505075,0.011926323370666458
0.962433845,0.9504556,0.011978239016265824
0.962433845,0.9504556,0.011978239016265824
0.971545027,0.9504556,0.021089421016265875
0.971810053,0.9592882,0.012521873125579841
0.972292578,0.95954514,0.012747442501953143
0.972292578,0.9600129,0.012279665249755878
0.973076665,0.9600129,0.013063752249755867
0.974990628,0.960773,0.014217636819580104
0.975706775,0.9626285,0.013078291227722194
0.975955037,0.9633227,0.012632337930023163
0.976140701,0.9635634,0.012577318374420221
0.976421349,0.9637433,0.012678019951843256
0.976483434,0.9640153,0.012468128957733193
0.976699638,0.9640756,0.012624013057220496
0.976905078,0.9642852,0.012619883126190223
0.97733953,0.96448433,0.012855196007995562
0.977509912,0.9649055,0.012604411588012732
0.977509912,0.9650708,0.012439127908050573
0.977509912,0.9650708,0.012439127908050573
0.966996021,0.9650708,0.001925236908050576
0.959830964,0.95487833,0.004952633769287118
0.957578297,0.94793236,0.009645934443542448
0.957578297,0.94574857,0.01182972941882321
0.957578297,0.94574857,0.01182972941882321
0.960952103,0.94574857,0.015203535418823244
0.960952103,0.9490192,0.01193290935070801
0.960952103,0.9490192,0.01193290935070801
0.956864915,0.9490192,0.007845721350708046
0.956370365,0.94505686,0.011313509321441595
0.955331587,0.9445776,0.010754012270080548
0.955331587,0.9435705,0.011761092348205548
0.956864915,0.9435705,0.013294420348205604
0.962750994,0.94505686,0.01769413832144162
0.962750994,0.95076305,0.011987947258514375
0.962750994,0.95076305,0.011987947258514375
0.954960705,0.95076305,0.00419765825851437
0.954535928,0.943211,0.011324908960845925
0.954195434,0.9427992,0.011396223451599075
0.954195434,0.9424692,0.011726254369720412
0.954195434,0.9424692,0.011726254369720412
0.956405653,0.9424692,0.013936473369720481
0.956405653,0.94461185,0.011793805599334739
0.956405653,0.94461185,0.011793805599334739
0.953823615,0.94461185,0.00921176759933473
0.952599339,0.9421088,0.010490529052032516
0.952408322,0.9409219,0.011486419343444854
0.952334094,0.9407366,0.011597502184051534
0.952408322,0.94066477,0.011743553781005889
0.952408322,0.9407366,0.011671730184051543
0.958795104,0.9407366,0.018058512184051523
0.960894255,0.9469282,0.013966051894073517
0.962227492,0.94896317,0.013264326716796893
0.962887904,0.9502555,0.012632390808776872
0.962887904,0.95089585,0.01199205810995485
0.962887904,0.95089585,0.01199205810995485
0.962536435,0.95089585,0.011640589109954802
0.96189577,0.950555,0.011340743468780556
0.96189577,0.94993407,0.011961704658050576
0.962536435,0.94993407,0.012602369658050505
0.962536435,0.950555,0.011981408468780486
0.96189577,0.950555,0.011340743468780556
0.959665252,0.94993407,0.009731186658050506
0.959665252,0.94777167,0.011893583565856902
0.959665252,0.94777167,0.011893583565856902
0.961068115,0.94777167,0.013296446565856934
0.961600294,0.9491316,0.012468685990661643
0.961600294,0.9496475,0.011952807790130637
0.963610231,0.9496475,0.013962744790130599
0.963610231,0.9515961,0.012014149743133529
0.959213446,0.9515961,0.00761736474313357
0.959160509,0.9473337,0.011826815495666554
0.959160509,0.94728243,0.01187807549017339
0.959160509,0.94728243,0.01187807549017339
0.959213446,0.94728243,0.011931012490173365
0.959087196,0.9473337,0.011753502495666535
0.959087196,0.94721127,0.011875930436035187
0.957382504,0.94721127,0.01017123843603518
0.955689908,0.9455587,0.010131181212432838
0.955689908,0.943918,0.011771918269165016
0.955188156,0.943918,0.011270166269164994
0.955689908,0.94343156,0.012258351775176979
0.959474578,0.943918,0.015556588269165061
0.959474578,0.94758683,0.011887743569305442
0.954287022,0.94758683,0.00670018756930546
0.953749771,0.942558,0.011191780449005151
0.953640472,0.94203717,0.011603306835052507
0.953640472,0.9419311,0.011709343498107927
0.953749771,0.9419311,0.011818642498107934
0.954585425,0.94203717,0.012548259835052478
0.959537412,0.9428471,0.01669033892184446
0.960942543,0.94764775,0.013294792622345009
0.961545887,0.94900995,0.012535932070648181
0.962013267,0.9495948,0.012418471296112066
0.962296933,0.9500478,0.012249141995819057
0.962889726,0.9503228,0.01256691916482544
0.963972433,0.9508976,0.013074858575256365
0.964382263,0.9519472,0.01243505078076168
0.964470612,0.95234454,0.012126075218688914
0.964483363,0.9524303,0.012053055134857216
0.964483363,0.9524425,0.01204083618267826
0.964483363,0.9524425,0.01204083618267826
0.964247305,0.9524425,0.011804778182678222
0.964247305,0.95221364,0.012033660018615722
0.964247305,0.95221364,0.012033660018615722
0.964232707,0.95221364,0.01201906201861569
0.964458624,0.9521995,0.012259105319427532
0.965880068,0.9524184,0.013461681063812292
0.965274059,0.9537965,0.011477553071960411
0.965274059,0.953209,0.012065076055511437
0.965274059,0.953209,0.012065076055511437
0.957925405,0.953209,0.004716422055511482
0.957777496,0.94608504,0.011692460199066113
0.956966295,0.9459417,0.011024608369750943
0.957777496,0.9451553,0.012622173448272656
0.957925405,0.9459417,0.011983718369750984
0.957082659,0.94608504,0.010997623199066164
0.957082659,0.94526815,0.011814504855712893
0.957082659,0.94526815,0.011814504855712893
0.953942898,0.94526815,0.008674743855712874
0.953309292,0.94222426,0.01108502785510257
0.953027078,0.94161004,0.011417039719512911
0.953309292,0.9413365,0.011972779434387237
0.953309292,0.94161004,0.01169925371951297
0.953027078,0.94161004,0.011417039719512911
0.952933296,0.9413365,0.011596783434387192
0.951213624,0.9412457,0.009967948913024882
0.95032644,0.93957853,0.010747906827392573
0.949311206,0.93871844,0.010592767851501428
0.949311206,0.93773437,0.011576840536743127
0.95032644,0.93773437,0.012592074536743159
0.953526982,0.93871844,0.014808543851501432
0.953526982,0.9418212,0.011705764463073698
0.953526982,0.9418212,0.011705764463073698
0.946722212,0.9418212,0.004900994463073682
0.946276335,0.93522435,0.011051980732879607
0.946145943,0.93479216,0.011353782012145985
0.946145943,0.9346657,0.011480263068359364
0.946276335,0.9346657,0.011610655068359343
0.95113333,0.93479216,0.016341169012145995
0.952448946,0.9395007,0.012948256493469201
0.953068597,0.9407761,0.012292487304565447
0.953377332,0.9413768,0.01200052669451901
0.953637671,0.94167614,0.011961531168456996
0.954049096,0.9419284,0.012120709311767563
0.954396269,0.9423273,0.012068948424285852
0.954396269,0.9426639,0.011732360995239222
0.954396269,0.9426639,0.011732360995239222
0.954262298,0.9426639,0.011598389995239211
0.953931124,0.94253397,0.011397154120849629
0.953659358,0.94221294,0.011446418737609876
0.953481325,0.9419495,0.011531838267517136
0.953468059,0.9417769,0.0116911873187866
0.953468059,0.94176394,0.01170412152670286
0.953413594,0.94176394,0.011649656526702912
0.953413594,0.9417112,0.011702406637329132
0.953838973,0.9417112,0.01212778563732908
0.953838973,0.9421236,0.011715381100128153
0.9534472,0.9421236,0.011323608100128224
0.9534472,0.9417438,0.011703408896637013
0.945296736,0.9417438,0.0035529448966369337
0.944221499,0.9338426,0.010378899608062708
0.941934488,0.93280023,0.00913425463589479
0.941934488,0.9305831,0.011351368607604995
0.941934488,0.9305831,0.011351368607604995
0.945209495,0.9305831,0.014626375607604936
0.945209495,0.93375796,0.011451534203643754
0.945209495,0.93375796,0.011451534203643754
0.939998341,0.93375796,0.006240380203643814
0.9392995,0.92870617,0.010593330871581985
0.93851584,0.9280287,0.010487137264099111
0.93851584,0.927269,0.01124685806640624
0.93851584,0.927269,0.01124685806640624
0.93687172,0.927269,0.009602738066406213
0.936697974,0.92567515,0.011022820267700184
0.936090432,0.92550665,0.010583780598480197
0.934120524,0.9249179,0.00920264727957154
0.932031415,0.923008,0.009023390307464574
0.930853181,0.9209829,0.009870283718353301
0.930853181,0.9198407,0.011012487526184112
0.930853181,0.9198407,0.011012487526184112
0.92669221,0.9198407,0.006851516526184098
0.92669221,0.91580695,0.010885260861358659
0.91968153,0.91580695,0.003874580861358612
0.916200467,0.9090106,0.007189877877227802
0.915352194,0.905636,0.009716181445831307
0.915352194,0.9048137,0.010538487125152596
0.916200467,0.9048137,0.011386760125152606
0.922382219,0.905636,0.016746206445831247
0.927456446,0.9116287,0.01582772285546874
0.927456446,0.9165478,0.010908670731445302
0.929750652,0.9165478,0.013202876731445268
0.931013249,0.9187718,0.012241445620941205
0.934403842,0.91999584,0.01440799763583378
0.934403842,0.92328274,0.011121099499694864
0.934403842,0.92328274,0.011121099499694864
0.93427436,0.92328274,0.010991617499694795
0.933009083,0.9231572,0.009851867881591758
0.93265568,0.9219307,0.010725009261779772
0.932360628,0.92158806,0.0107725647599487
0.932006057,0.921302,0.010704036450225884
0.932006057,0.9209583,0.011047776436645562
0.931751026,0.9209583,0.010792745436645546
0.92124873,0.920711,0.0005377491078185637
0.92124873,0.9105299,0.010718818481903036
0.926461959,0.9105299,0.015932047481903022
0.926461959,0.9155838,0.010878169651397651
0.926461959,0.9155838,0.010878169651397651
0.926461959,0.9155838,0.010878169651397651
0.91580632,0.9155838,0.0002225306513976566
0.90743745,0.90525395,0.0021835032188415315
0.904795685,0.89714104,0.007654645628509482
0.90743745,0.89457995,0.012857503005218485
0.90743745,0.89714104,0.0102964106285095
0.914075953,0.89714104,0.016934913628509518
0.914075953,0.9035765,0.010499459736755368
0.914075953,0.9035765,0.010499459736755368
0.900965449,0.9035765,-0.002611044263244655
0.899127216,0.8908669,0.008260340351501472
0.89714929,0.8890848,0.008064474020996082
0.896474975,0.8871674,0.009307580838775587
0.896474975,0.8865137,0.009961264978027295
0.897519716,0.8865137,0.011006005978027367
0.897519716,0.8875266,0.009993144249359154
0.899546143,0.8875266,0.012019571249359151
0.899546143,0.889491,0.010055121366851827
0.899546143,0.889491,0.010055121366851827
0.895450738,0.889491,0.005959716366851775
0.895318459,0.88552076,0.009797702755340532
0.892920845,0.88539255,0.00752829834625246
0.892920845,0.8830682,0.009852641073913593
0.892920845,0.8830682,0.009852641073913593
0.89295453,0.8830682,0.009886326073913598
0.89295453,0.883101,0.009853543519287133
0.89295453,0.883101,0.009853543519287133
0.88833422,0.883101,0.005233233519287062
0.887399,0.87862194,0.008777064155578662
0.887399,0.8777153,0.009683710407257129
0.887399,0.8777153,0.009683710407257129
0.887406196,0.8777153,0.009690906407257116
0.887406196,0.87772226,0.009683932663818395
0.887406196,0.87772226,0.009683932663818395
0.883976244,0.87772226,0.006253980663818326
0.883276474,0.8743971,0.008879374981903054
0.882334957,0.8737188,0.008616158839446997
0.882334957,0.87280613,0.009528825160247778
0.883976244,0.87280613,0.01117011216024777
0.885511069,0.8743971,0.01111396998190306
0.885511069,0.87588507,0.009625999629730209
0.885511069,0.87588507,0.009625999629730209
0.883201135,0.87588507,0.007316065629730195
0.880859822,0.8736457,0.007214099133941665
0.880470652,0.871376,0.00909467400698849
0.880470652,0.8709987,0.009471971408416713
0.880859822,0.8709987,0.009861141408416763
0.883501233,0.871376,0.012125255006988578
0.890153781,0.8739368,0.016217008653503395
0.891367975,0.8803858,0.010982158902740458
0.891983358,0.88156295,0.010420409773071238
0.892171363,0.8821594,0.01001195109280395
0.892188884,0.8823418,0.00984708187979122
0.892410525,0.8823587,0.010051854765319779
0.892796313,0.88257354,0.010222768020904494
0.892796313,0.8829475,0.009848808479583693
0.894224806,0.8829475,0.011277301479583723
0.894461452,0.88433236,0.01012909316287236
0.894224806,0.88456184,0.009662969280487044
0.89366468,0.88433236,0.009332321162872304
0.89366468,0.8837894,0.009875259872131337
0.889807104,0.8837894,0.0060176838721313075
0.889807104,0.8800497,0.009757398494628866
0.889807104,0.8800497,0.009757398494628866
0.889277534,0.8800497,0.009227828494628887
0.889277534,0.87953633,0.009741203300079326
0.878596401,0.87953633,-0.0009399296999206275
0.874849782,0.86918193,0.005667850981170619
0.874416137,0.86554974,0.00886639382449339
0.874416137,0.86512953,0.009286606570159894
0.874416137,0.86512953,0.009286606570159894
0.878727779,0.86512953,0.013598248570159899
0.878727779,0.8693092,0.009418592064575182
0.878727779,0.8693092,0.009418592064575182
0.870256435,0.8693092,0.0009472480645752457
0.869415461,0.86109686,0.008318602021728516
0.866724084,0.8602816,0.006442497352966314
0.866724084,0.8576726,0.009051511864074713
0.866724084,0.8576726,0.009051511864074713
0.866724084,0.8576726,0.009051511864074713
0.86910187,0.8576726,0.011429297864074761
0.86910187,0.8599776,0.009124267041320855
0.862286359,0.8599776,0.0023087560413207475
0.862286359,0.85337055,0.008915811705383248
0.861486536,0.85337055,0.008115988705383326
0.861120025,0.8525952,0.008524814924621538
0.861120025,0.85223985,0.008880177816772417
0.861120025,0.85223985,0.008880177816772417
0.857530598,0.85223985,0.005290750816772438
0.863855802,0.84876025,0.01509555476947022
0.863855802,0.85489196,0.008963846147491461
0.855084215,0.85489196,0.0001922591474914359
0.855043006,0.84638864,0.008654367980438282
0.855043006,0.84634864,0.00869436269708257
0.855043006,0.84634864,0.00869436269708257
0.855084215,0.84634864,0.0087355716970825
0.860960113,0.84638864,0.014571474980438204
0.864023096,0.8520848,0.011938280497833298
0.86498824,0.8550542,0.009934040304412806
0.865917693,0.8559899,0.009927819590728748
0.866099922,0.85689086,0.009209064780303922
0.866347329,0.8570675,0.009279803613189697
0.866456516,0.85730726,0.00914926073190303
0.866492941,0.8574132,0.009079768278137168
0.866667348,0.85744846,0.00921888932843018
0.866724501,0.8576176,0.009106884346557598
0.866870644,0.8576729,0.009197714236206078
0.866870644,0.8578146,0.009056033995574975
0.866870644,0.8578146,0.009056033995574975
0.866776603,0.8578146,0.008961992995574986
0.857370053,0.85772353,-0.0003534811072082311
0.857370053,0.8486046,0.00876543349697878
0.857370053,0.8486046,0.00876543349697878
0.857110769,0.8486046,0.00850614949697881
0.857110769,0.84835327,0.008757502283996632
0.851123666,0.84835327,0.002770399283996583
0.844085856,0.84254926,0.0015365915690002119
0.843738592,0.83572656,0.008012032837860117
0.84319729,0.83539003,0.007807258662261951
0.843738592,0.83486515,0.008873439164154062
0.843738592,0.83539003,0.008348560662261972
0.852180906,0.83539003,0.016790874662261923
0.852180906,0.8435742,0.008606680097442587
0.852180906,0.8435742,0.008606680097442587
0.839051208,0.8435742,-0.00452301790255738
0.839051208,0.83084595,0.00820525596600341
0.838670515,0.83084595,0.007824562966003423
0.839051208,0.8304769,0.00857432792645263
0.839921549,0.83084595,0.009075596966003463
0.844673602,0.83168966,0.012983946219207732
0.844673602,0.83629644,0.008377162829162565
0.844673602,0.83629644,0.008377162829162565
0.8307252,0.83629644,-0.00557123917083735
0.830364071,0.8227745,0.007589541542907696
0.829991588,0.8224244,0.007567176226318306
0.829991588,0.8220634,0.007928201559722847
0.829991588,0.8220634,0.007928201559722847
0.836014186,0.8220634,0.013950799559722893
0.836014186,0.8279018,0.00811240539468383
0.836014186,0.8279018,0.00811240539468383
0.834676394,0.8279018,0.006774613394683882
0.833069015,0.82660496,0.00646405265106198
0.832604828,0.82504666,0.007558169484069843
0.832604828,0.8245967,0.008008124947479267
0.833002368,0.8245967,0.008405664947479297
0.833069015,0.8249819,0.008087087128295867
0.842321162,0.82504666,0.01727450348406978
0.843410519,0.83401585,0.009394672747558563
0.843994447,0.835072,0.008922466046783484
0.844014356,0.83563805,0.008376309735351528
0.844041609,0.83565736,0.008384250830444362
0.844156414,0.83568376,0.008472650972808804
0.844041609,0.835795,0.008246623705657985
0.844198426,0.83568376,0.008514662972808784
0.844198426,0.83583575,0.008362671128631538
0.844198426,0.83583575,0.008362671128631538
0.842897738,0.83583575,0.007061983128631599
0.853208746,0.83457494,0.018633808179565392
0.845544029,0.84457064,0.0009733922507324522
0.845544029,0.83714026,0.008403766873077423
0.845544029,0.83714026,0.008403766873077423
0.850566584,0.83714026,0.013426321873077351
0.845544029,0.8420091,0.0035349018599548643
0.843645695,0.83714026,0.006505432873077366
0.843645695,0.8352999,0.008345785885162327
0.835778664,0.8352999,0.000478754885162358
0.834533616,0.8276735,0.006860121184173562
0.834268486,0.82646644,0.007802044845520051
0.834268486,0.8262095,0.00805900046914676
0.834533616,0.8262095,0.008324130469146707
0.840512089,0.82646644,0.014045647845519982
0.840512089,0.83226216,0.008249930606140099
0.840512089,0.83226216,0.008249930606140099
0.829208837,0.83226216,-0.0030533213938598314
0.823294961,0.8213045,0.0019904608970031656
0.821017365,0.81557137,0.0054459972593688954
0.820459681,0.8133635,0.007096188511138912
0.820459681,0.8128229,0.007636802639251705
0.821017365,0.8128229,0.008194486639251708
0.829584308,0.8133635,0.016220815511138964
0.829584308,0.8216685,0.007915802331359911
0.829584308,0.8216685,0.007915802331359911
0.829584308,0.8216685,0.007915802331359911
0.827025983,0.8216685,0.005357477331359828
0.819386273,0.81918836,0.0001979166004638655
0.815654361,0.81178224,0.0038721201323852483
0.803625791,0.80816454,-0.004538745952972434
0.803625791,0.7965038,0.007122008727661111
0.800576487,0.7965038,0.004072704727661081
0.800576487,0.79354775,0.007028737480651803
0.800576487,0.79354775,0.007028737480651803
0.774042271,0.79354775,-0.01950547851934814
0.761813995,0.7678248,-0.00601083362472532
0.75599812,0.7559706,2.752273284911677e-05
0.747950666,0.75033253,-0.0023818683132018625
0.744962455,0.74253106,0.002431393827514672
0.744962455,0.7396343,0.005328179563598656
0.744962455,0.7396343,0.005328179563598656
0.74155251,0.7396343,0.0019182345635986309
0.739700031,0.73632854,0.003371488767486608
0.739700031,0.73453283,0.005167197900634801
0.733256654,0.73453283,-0.0012761790993652822
0.731697797,0.7282864,0.003411411463806191
0.726374375,0.7267752,-0.0004008539772033526
0.726374375,0.7216146,0.004759775772094743
0.726374375,0.7216146,0.004759775772094743
0.735925082,0.7216146,0.01431048277209468
0.735925082,0.73087317,0.005051914485198927
0.735925082,0.73087317,0.005051914485198927
0.717998842,0.73087317,-0.012874325514801055
0.713803491,0.7134952,0.00030829608804316955
0.712646067,0.7094281,0.0032179950242919864
0.708939922,0.7083061,0.0006338478575439455
0.706734349,0.7047133,0.00202106403067015
0.701655263,0.7025751,-0.0009198245473022171
0.698766002,0.69765043,0.0011155694133301308
0.69595331,0.6948489,0.0011044149270630355
0.693456301,0.6921216,0.001334676053405759
0.693456301,0.68970054,0.0037557571195373507
0.693456301,0.68970054,0.0037557571195373507
0.69615167,0.68970054,0.006451126119537354
0.705466829,0.692314,0.013152800260070818
0.705466829,0.7013462,0.004120610414032
0.705466829,0.7013462,0.004120610414032
0.705532742,0.7013462,0.0041865234140320284
0.705437925,0.7014102,0.0040277506301880095
0.705437925,0.70131826,0.004119660992431662
0.705532742,0.70131826,0.004214477992431687
0.705532742,0.7014102,0.004122567630188034
0.705303079,0.7014102,0.0038929046301879877
0.705303079,0.7011875,0.004115587583068847
0.705303079,0.7011875,0.004115587583068847
0.705303079,0.7011875,0.004115587583068847
0.720934739,0.7011875,0.019747247583068894
0.720934739,0.7163413,0.004593422300018357
0.720934739,0.7163413,0.004593422300018357
0.713701352,0.7163413,-0.002639964699981734
0.709278906,0.70932907,-5.016266073609721e-05
0.705742391,0.7050419,0.000700505624023462
0.705742391,0.7016134,0.004128964791503931
0.704823599,0.7016134,0.003210172791503929
0.704823599,0.7007226,0.004101023812316917
0.704823599,0.7007226,0.004101023812316917
0.704823599,0.7007226,0.004101023812316917
0.699550738,0.7007226,-0.0011718371876831002
0.69510525,0.6956098,-0.0005045579681396406
0.693339885,0.6912992,0.0020406849420165907
0.692338008,0.68958765,0.002750355316741948
0.691091256,0.6886161,0.0024751590265807977
0.691091256,0.6874072,0.0036840604319152703
0.691091256,0.6874072,0.0036840604319152703
0.690276908,0.6874072,0.00286971243191525
0.690276908,0.6866176,0.0036592951612548497
0.685603673,0.6866176,-0.0010139398387450926
0.680044944,0.6820862,-0.0020412853243407802
0.677558793,0.67667043,0.0008883609092407152
0.67550563,0.67424643,0.0012591996029662766
0.672361202,0.6722445,0.00011671280703740017
0.672044938,0.66917866,0.0028662733157043263
0.670760953,0.66887033,0.00189062314312749
0.670760953,0.6676185,0.003142439892700244
0.670760953,0.6676185,0.003142439892700244
0.670760953,0.6676185,0.003142439892700244
0.669710014,0.6676185,0.00209150089270016
0.663933117,0.6665938,-0.002660673054321272
0.660895971,0.6609613,-6.52993323364548e-05
0.654017806,0.6580001,-0.003982305579894985
0.649941152,0.6512661,-0.0013249460224609155
0.648728623,0.6472741,0.0014545460613708538
0.645769394,0.64608675,-0.00031735841470337256
0.645326328,0.6431778,0.0021485206689147995
0.644569893,0.6427422,0.0018276764129333545
0.644043618,0.6419986,0.0020450289611511074
0.640206739,0.6414812,-0.0012744817221984617
0.636132679,0.6377092,-0.0015765213822326318
0.629484014,0.6337041,-0.004220111881195088
0.624631882,0.6271566,-0.002524733257263212
0.621954375,0.6223757,-0.0004213516998291533
0.619589048,0.6197375,-0.00014845791278073062
0.617256517,0.61740685,-0.00015032809277348846
0.617256517,0.6151085,0.002148027009765574
0.617256517,0.6151085,0.002148027009765574
0.616526426,0.6151085,0.0014179360097655858
0.630345023,0.6143892,0.015955841862914988
0.630345023,0.6280051,0.0023399356243590796
0.608557771,0.6280051,-0.0194473163756409
0.603283819,0.6065374,-0.003253582676177924
0.603283819,0.60133946,0.0019443595807495662
0.599404139,0.60133946,-0.0019353204192504858
0.599404139,0.59751546,0.0018886751709594751
0.599404139,0.59751546,0.0018886751709594751
0.597006456,0.59751546,-0.0005090078290405087
0.602065673,0.59515214,0.006913533336303734
0.602065673,0.6001388,0.0019268895451050039
0.587526888,0.6001388,-0.01261189545489505
0.579258043,0.5857501,-0.006492059996826227
0.579258043,0.5775438,0.0017142478912047787
0.574662645,0.5775438,-0.002881150108795194
0.570187466,0.5729831,-0.0027956201091613453
0.566384202,0.56853575,-0.002151543143890433
0.566384202,0.5647452,0.0016390142406005337
0.565971317,0.5647452,0.0012261292406006152
0.564755408,0.5643336,0.0004217903127746725
0.564479284,0.5631218,0.0013574883457031506
0.564479284,0.56284666,0.0016326233859863537
0.56226006,0.56284666,-0.0005866006140137214
0.554161354,0.5606348,-0.006473437851043706
0.551499621,0.55255926,-0.0010596355536498514
0.547330014,0.549905,-0.002574988117156951
0.545800443,0.5457473,5.316287915035911e-05
0.543352847,0.544222,-0.0008691502610473911
0.543352847,0.54178023,0.0015726136168212612
0.54266833,0.54178023,0.0008880966168213211
0.542265695,0.5410946,0.0011710938456725994
0.542265695,0.5406913,0.0015743788722228924
0.540797898,0.5406913,0.0001065818722228995
0.536181144,0.5392212,-0.0030400831690368113
0.53106886,0.53459716,-0.00352829843200686
0.528507741,0.5294768,-0.000969080422576929
0.526659969,0.5269181,-0.00025814423165892997
0.524214344,0.5250765,-0.0008621645220336926
0.521567707,0.5226391,-0.001071388783233651
0.519771168,0.52000123,-0.00023006462405394945
0.517788559,0.51821065,-0.00042209049035646373
0.515629472,0.5162348,-0.0006053431206970439
0.515629472,0.51408356,0.0015459077185363546
0.515629472,0.51408356,0.0015459077185363546
0.536452692,0.51408356,0.022369127718536386
0.540667677,0.5348692,0.005798482969238239
0.542794317,0.5390908,0.0037035047937317156
0.542794317,0.54122084,0.0015734732080383562
0.542794317,0.54122084,0.0015734732080383562
0.529031621,0.54122084,-0.012189222791961662
0.519257316,0.5274403,-0.008182993524536109
0.510053905,0.5176985,-0.0076446213824462594
0.503679443,0.5085282,-0.004848729969818111
0.498539632,0.5021813,-0.003641659580200185
0.494164978,0.49709752,-0.002932544020339989
0.490861599,0.4927695,-0.00190791055390932
0.488065675,0.48950762,-0.0014419405662536855
0.487755837,0.48674998,0.0010058601266021983
0.487562936,0.48644432,0.0011186117450103783
0.485896791,0.4862541,-0.0003573050311889703
0.487383456,0.48461074,0.0027727196299133228
0.48493207,0.48607707,-0.0011450002362060618
0.484905646,0.48365924,0.0012464083767853018
0.477457704,0.48363316,-0.0061754565911255055
0.469478115,0.476288,-0.006809875808486965
0.464859863,0.46839863,-0.003538767619049088
0.464859863,0.46382812,0.0010317463446502528
0.464859863,0.46382812,0.0010317463446502528
0.465157266,0.46382812,0.0013291493446502822
0.465247681,0.46412247,0.001125206806427026
0.465632125,0.46421194,0.0014201842346191484
0.467252911,0.46459243,0.0026604839846954276
0.467252911,0.46619645,0.0010564633891448905
0.467252911,0.46619645,0.0010564633891448905
0.459924359,0.46619645,-0.006272088610855098
0.457719217,0.45893863,-0.0012194114351348762
0.454495547,0.45671976,-0.002224209126403809
0.452167337,0.4534693,-0.0013019692305450414
0.452167337,0.45112327,0.0010440695878143336
0.448881294,0.45112327,-0.0022419734121856827
0.434149132,0.44781536,-0.013666226638763435
0.433439139,0.4329466,0.000492546430648777
0.433439139,0.43222535,0.0012137924347533913
0.42954908,0.43222535,-0.0026762665652465545
0.424722615,0.42826775,-0.0035451321637725575
0.421157663,0.4233579,-0.002200240957366928
0.418255036,0.4197535,-0.001498455878509497
0.418255036,0.41681874,0.0014362980162964112
0.422990603,0.41681874,0.006171865016296407
0.412980618,0.42160675,-0.008626131296188333
0.405710495,0.41147932,-0.005768829102401729
0.392908825,0.4040816,-0.01117278782539366
0.385182841,0.39099103,-0.005808191123565676
0.380163587,0.383052,-0.0028884044627074945
0.377621585,0.3778668,-0.00024521959976198104
0.373588396,0.37524408,-0.0016556850203552353
0.369202988,0.3710388,-0.0018358065175170801
0.364477232,0.3664637,-0.0019864589961700596
0.36206249,0.3615124,0.0005500972406768945
0.371647554,0.35902086,0.012626694996932974
0.364172054,0.3690143,-0.004842238955398537
0.36306756,0.36119473,0.0018728301950073356
0.357659199,0.36004978,-0.002390585183502214
0.351399212,0.354912,-0.0035128008154754475
0.346830119,0.34990516,-0.0030750440496978837
0.343292019,0.34654766,-0.003255644211822506
0.341019634,0.34397504,-0.0029554033363494714
0.3384916,0.3423181,-0.0038264878162383997
0.33509712,0.34045976,-0.005362644003753636
0.332839779,0.3379486,-0.005108811517044065
0.328362913,0.3362739,-0.007910995615112326
0.327987057,0.3329062,-0.004919129580657933
0.331475176,0.33261812,-0.0011429413324585136
0.334948036,0.33525962,-0.0003115803749694779
0.336330649,0.3378382,-0.0015075537149200624
0.329399991,0.33886108,-0.00946108702391052
0.328692441,0.33369613,-0.005003685937866209
0.310172283,0.33315793,-0.022985643797866828
0.309652217,0.3179757,-0.008323482901580803
0.306541328,0.31762132,-0.011079992486068724
0.305349969,0.31594336,-0.010593391328674318
0.303178644,0.3154912,-0.012312555493408206
0.300638593,0.31433725,-0.013698660570556631
0.29806155,0.31118485,-0.013123303315353385
0.294005791,0.30793145,-0.01392566198957823
0.300956784,0.30389866,-0.0029418783287201156
0.299135588,0.3115752,-0.012439616133987419
0.29523983,0.3093304,-0.014090573804779072
0.291703632,0.30479598,-0.01309234845349122
